sentence_id,title,origin_sentence,paragraph_text,query number,clean_sentence,tagger,status,label
707555,ME-10-09-31383-790," לטענת ב""כ הנאשם, עדותה של המתלוננת היא עדות כבושה משום שנמסרה שבוע לאחר האירוע הנטען","20. לטענת ב""כ הנאשם, עדותה של המתלוננת היא עדות כבושה משום שנמסרה שבוע לאחר האירוע הנטען. כמו כן, כאמור נטען שהמתלוננת הציגה הסברים סותרים לסיבת העיכוב בהגשת התלונה: ב""כ הנאשם הפנה לכך שבעדותה לפני חוקרת הילדים סיפרה המתלוננת כי רק בעקבות ההרצאה בבית הספר היא הבינה שהמעשים שעשה הנאשם הם אסורים. מכאן הסיק ב""כ הנאשם, שלפני כן היא לא הבינה שיש פסול במעשי הנאשם, ובוודאי לא חשבה שזו אשמתה או שפחדה. לעומת זאת, בבית המשפט העידה המתלוננת, לראשונה, שהיה ברור לה שמדובר במעשים אסורים ופסולים, אלא שהיא פחדה להתלונן.",14," לטענת ב""כ הנאשם, עדותה של המתלוננת היא עדות כבושה משום שנמסרה שבוע לאחר האירוע הנטען",tagger2,not annotated,
332450,ME-12-01-13327-55,"לגבי הנסיבות שאינן קשורות בביצוע העבירות, טענה המאשימה כי העובדה שהנאשם בחר לנהל את ההליך הפלילי הובילה לכך שלא נחסכה עדותם הקשה של המתלוננים הקטינים, שניכר היה בה כי הובילה לחוויה מחודשת של הטראומה שנגרמה להם","לגבי הנסיבות שאינן קשורות בביצוע העבירות, טענה המאשימה כי העובדה שהנאשם בחר לנהל את ההליך הפלילי הובילה לכך שלא נחסכה עדותם הקשה של המתלוננים הקטינים, שניכר היה בה כי הובילה לחוויה מחודשת של הטראומה שנגרמה להם. אמנם, לנאשם אין עבר פלילי, אך לאור ריבוי העבירות והתקופה הממושכת לארכה בוצעו המעשים, אין לדידי המאשימה מקום להעניק לעובדה זו משקל רב. כן נטען כי גילו ומצבו של הנאשם לא מנעו ממנו מלבצע את המעשים החמורים ומכאן שאין לתת משקל רב לטיעון זה. המאשימה אינה חולקת כי הנאשם אדם רב-זכויות ובעל מעמד בקהילתו, אלא שעובדה זו אינה יכולה לשמש משקל נגד לעבירות חמורות שבוצעו תוך ניצול מעמדו של הנאשם, ולהיפך, היא משקפת את גודל הסטייה שסטה הנאשם מן הנורמות המצופות מאדם בתפקידו ובמעמדו.",4,"לגבי הנסיבות שאינן קשורות בביצוע העבירות, טענה המאשימה כי העובדה שהנאשם בחר לנהל את ההליך הפלילי הובילה לכך שלא נחסכה עדותם הקשה של המתלוננים הקטינים, שניכר היה בה כי הובילה לחוויה מחודשת של הטראומה שנגרמה להם",tagger2,not annotated,
219527,ME-08-09-6759-2,"בסופו של יום, מדובר בעדות יחידה של המתלונן","בסופו של יום, מדובר בעדות יחידה של המתלונן. פרק הזמן הרב שחלף מעת ביצוע העבירות הנטענות ועד להגשת התלונה, הסתירות הפנימיות בעדותו של המתלונן, מימדי גופו לעומת מימדי גופו של הנאשם, העדר מממצאים חיצוניים המאששים את עדותו, העובדה שהמתלונן אובחן כסובל מהפרעות נפשיות בשלב מסוים בחייו, וכמי שסבל ממחשבות שוא, כשהם מצטרפים לעובדה שלא הוגשה חוות דעת פסיכיאטרית מטעם המאשימה והעדר מוחלט של ראיות חפציות תומכות, יש בהם כדי לעורר ספק סביר באשמתו של הנאשם באשר לביצוע העבירות המיוחסות לו בכתב האישום.",5,"בסופו של יום, מדובר בעדות יחידה של המתלונן",tagger2,not annotated,category1
142230,ME-13-07-36795-33,"גרסתו של הנאשם נבדקה על ידי ומצאתי לקבוע כי מדובר בגרסה בלתי אמינה שקרסה אל מול עדויות מהימנות של המתלוננות שעמדו ב""מכבש לחצים"" לא קל","גרסתו של הנאשם נבדקה על ידי ומצאתי לקבוע כי מדובר בגרסה בלתי אמינה שקרסה אל מול עדויות מהימנות של המתלוננות שעמדו ב""מכבש לחצים"" לא קל.",5,"גרסתו של הנאשם נבדקה על ידי ומצאתי לקבוע כי מדובר בגרסה בלתי אמינה שקרסה אל מול עדויות מהימנות של המתלוננות שעמדו ב""מכבש לחצים"" לא קל",tagger2,not annotated,category1
68595,ME-12-01-7451-55,"כאן באה עדותה העיקרית של המתלוננת, בנוגע לליבת המקרה","כאן באה עדותה העיקרית של המתלוננת, בנוגע לליבת המקרה.",12,"כאן באה עדותה העיקרית של המתלוננת, בנוגע לליבת המקרה",tagger2,not annotated,category1
859109,ME-08-09-7365-635," ב""כ הנאשם טען כי גרסתה של המתלוננת אינה מהימנה, נוכח העובדה שבעדותו של דרור בדבר התיאור שמסרה לו המתלוננת, אין תיאור של האקט המיני עצמו, וכן שעדותו של דרור אינה תואמת את הגרסה שמסרה בבית המשפט","109. ב""כ הנאשם טען כי גרסתה של המתלוננת אינה מהימנה, נוכח העובדה שבעדותו של דרור בדבר התיאור שמסרה לו המתלוננת, אין תיאור של האקט המיני עצמו, וכן שעדותו של דרור אינה תואמת את הגרסה שמסרה בבית המשפט. אין לקבל לדעתי גם טענה זו. ראשית, אבהיר כי עדותו של דרור הייתה מהימנה. העובדה שהמתלוננת אמרה לדרור בטלפון את המילה ""נאנסתי"", אך לא פירטה בפניו את עצם האקט המיני, אלא רק סיפרה לו על הדקות שלפניו ושלאחריו, אינה מלמדת דבר. אף בעדותה לפנינו התקשתה המתלוננת לדבר אודות האקט המיני עצמו. הקושי הוא ברור ומובן. יש להניח כי קושי זה היה קיים גם בעת שיחתה עם דרור. יחד עם זאת, משנתבקשה לפרט את הדברים בחקירתה במשטרה – עשתה זאת. באשר לחלקה השני של הטענה, אכן, התיאור שמסר דרור בנוגע לדברים ששמע מהמתלוננת באותו לילה -  אינו תואם בכל נקודה את התיאור שמסרה המתלוננת בעדותה (כך למשל, דרור לא הזכיר שלאחר שיחת הטלפון יצאה המתלוננת מהדירה וחזרה אליה, וכן כי שמע מהמתלוננת לדבריו שהנאשם בלם את הדלת). ואולם, כשם שלא ניתן לצפות מהמתלוננת לחזור על דבריה בדיוק מושלם בכל פעם שתידרש לסיפור המעשה, כך לא ניתן לצפות שתספר לדרור את אשר קרה לה – והוא יחזור על הדברים מאוחר יותר במהלך עדותו – באופן הזהה לחלוטין לתיאור שמסרה בעדותה (ראו  פלוני נ' מדינת ישראל, לא פורסם, 1.7.09, פסקה 33).",1," ב""כ הנאשם טען כי גרסתה של המתלוננת אינה מהימנה, נוכח העובדה שבעדותו של דרור בדבר התיאור שמסרה לו המתלוננת, אין תיאור של האקט המיני עצמו, וכן שעדותו של דרור אינה תואמת את הגרסה שמסרה בבית המשפט",tagger2,not annotated,
53473,s03001809-358,שוכנעתי כי עדות המתלוננת מהימנה ומשקפת את שאירע בפועל לגבי כל אחת מהעובדות המפורטות בכתב האישום ואף נתמכת במארג העדויות מטעם התביעה,שוכנעתי כי עדות המתלוננת מהימנה ומשקפת את שאירע בפועל לגבי כל אחת מהעובדות המפורטות בכתב האישום ואף נתמכת במארג העדויות מטעם התביעה.,7,שוכנעתי כי עדות המתלוננת מהימנה ומשקפת את שאירע בפועל לגבי כל אחת מהעובדות המפורטות בכתב האישום ואף נתמכת במארג העדויות מטעם התביעה,tagger2,not annotated,
320734,m05000838-507," כך באשר לעדותה של אמה של המתלוננת, כי בתה סיפרה לה על האירוע תוך כדי בכי; כך עדותו של ד', כי המתלוננת סיפרה לו שהנאשם נגע בה, וכך עדותו של הפסיכולוג על הטיפול שנתן למתלוננת בעקבות מצבה הנפשי","22. לעדותה האמינה של המתלוננת מצטרפות העדויות המהימנות עלינו, שהובאו על ידי המאשימה, לעניין מצבה הנפשי של המתלוננת בימים ובחודשים שלאחר האירוע. כך באשר לעדותה של אמה של המתלוננת, כי בתה סיפרה לה על האירוע תוך כדי בכי; כך עדותו של ד', כי המתלוננת סיפרה לו שהנאשם נגע בה, וכך עדותו של הפסיכולוג על הטיפול שנתן למתלוננת בעקבות מצבה הנפשי. אכן בידי הפסיכולוג, בעת עדותו בבית המשפט, לא היה תיעוד שרשם במהלך הטיפול במתלוננת, אך הוא נימק זאת בכך שאבד ולא מצאו לקראת הדיון. עם זאת ציין הפסיכולוג, כי בשעה שמסר את הודעתו במשטרה היו הרישומים עימו, ועל כך התבססה עדותו (שם, עמ' 38, ש' 4 ואילך).",5," כך באשר לעדותה של אמה של המתלוננת, כי בתה סיפרה לה על האירוע תוך כדי בכי; כך עדותו של ד', כי המתלוננת סיפרה לו שהנאשם נגע בה, וכך עדותו של הפסיכולוג על הטיפול שנתן למתלוננת בעקבות מצבה הנפשי",tagger2,not annotated,category1
199250,SH-11-11-50610-711,"בנדון דנן, התביעה הביאה ראיות ישירות הקושרות את הנאשם לעבירות המיוחסות לו, ובעיקרן עדויות המתלוננת, נינה ודוד, אשר היו מהימנות בעיני כמפורט לעיל","בנדון דנן, התביעה הביאה ראיות ישירות הקושרות את הנאשם לעבירות המיוחסות לו, ובעיקרן עדויות המתלוננת, נינה ודוד, אשר היו מהימנות בעיני כמפורט לעיל. במצב זה, גם הכחשתו הגורפת של הנאשם מחזקת את ראיות התביעה.",6,"בנדון דנן, התביעה הביאה ראיות ישירות הקושרות את הנאשם לעבירות המיוחסות לו, ובעיקרן עדויות המתלוננת, נינה ודוד, אשר היו מהימנות בעיני כמפורט לעיל",tagger2,not annotated,
368924,SH-13-02-47-54, אף צפיתי במלוא הקלטת של העדות המוקדמת של המתלוננת לפני כב' השופט שמעוני,"7. בפתח הדיון, אומר כי צפיתי במסדר זיהוי התמונות המצולם (ת/ 7) ובקלטת העימות שנערך בין המתלוננת לבין הנאשם (ת/ 12). אף צפיתי במלוא הקלטת של העדות המוקדמת של המתלוננת לפני כב' השופט שמעוני. עדותה של המתלוננת הותירה רושם אמין של אדם מאופק ומיושב בדעתו. עוד התרשמתי כי המתלוננת הקפידה לדייק בתשובותיה. כך למשל, המתלוננת השיבה בחקירה נגדית כי אינה זוכרת שהגבר שנכנס לדירתה לבש מעיל או ז'קט עור. זאת, על-אף שראתה כי הנאשם לבש מעיל עור בעימות שנערך מולה בתחנת המשטרה (עמ' 14 ש' 9-17 לפרוטוקול). דוגמה נוספת: המתלוננת השיבה בכנות שלא הרגישה שהגבר הזר נגע בה לפני שהתעוררה משנתה (עמ' 22 ש' 8-9 לפרוטוקול). אוסיף כי ניתן היה להבחין בנקל בתגובותיה הרגשיות של המתלוננת - הבכי וסערת הרגשות - כאשר זיהתה את הנאשם במסדר זיהוי תצלומי הפנים ובעימות, וכן כאשר תיארה את האירוע הטראומתי בעדותה המוקדמת בבית-המשפט. נוכח כל אלה, אני סבורה כי מדובר בעדה אמינה. אין לי ספק בדבר עצם קרות האירוע והטראומה שחוותה. כפי שצוין לעיל, אף ההגנה אינה חולקת על כך. זאת ועוד; אני סבורה כי המתלוננת היתה משוכנעת בכל ליבה כי זיהויה את הנאשם במסדר זיהוי התמונות וכן בעימות הינו זיהוי בטוח וודאי.",5, אף צפיתי במלוא הקלטת של העדות המוקדמת של המתלוננת לפני כב' השופט שמעוני,tagger2,not annotated,category1
202081,s00011239-243," גירסת המתלוננת היתה אמינה, לא עורערה ולא נסתרה בחקירה הנגדית, וחוזקה בגירסת אמה, בחוו""ד חוקרת הילדים ובעדותה","לאחר שראיתי ושמעתי את העדים ואת הנאשם, קראתי את הפרוטוקול והמסמכים, בחנתי ושקלתי את הראיות, אני קובע שאשמת הנאשם בעבירות המיוחסות לו הוכחה מעבר לספק סביר. גירסת המתלוננת היתה אמינה, לא עורערה ולא נסתרה בחקירה הנגדית, וחוזקה בגירסת אמה, בחוו""ד חוקרת הילדים ובעדותה. אי התאמות ואף סתירות אלה או אחרות בגירסת המתלוננת ואמה, וזו מול זו, נגעו לפרטים, שאינם מהותיים, ואינן גורעות ממהימנות גירסתן כל אחת לפי עניינה, לעיקרו של דבר – מה שאמר ומה שעשה הנאשם, למתלוננת. השתלבות הראיות של גירסת המתלוננת, אמה, עדות חוקרת הילדים וחוות דעתה, והתרשימים, לעיצומו של הנטען בכתב האישום, מראה הוכחה חד משמעית של אשמת הנאשם. גירסת הנאשם לא היתה אמינה. בנוסף, גירסתו המכחישה הגורפת של הנאשם, ללא כל הסבר לפשר גירסת המתלוננת ואמה, נגדו. אני מקבל איפוא את גירסת התביעה. אני דוחה את גירסת הנאשם. היסודות המשפטיים של העבירות מולאו אף הם. אני קובע שהנאשם ביצע את העבירות המיוחסות לו בכתב האישום, והוא יורשע בהן.",7," גירסת המתלוננת היתה אמינה, לא עורערה ולא נסתרה בחקירה הנגדית, וחוזקה בגירסת אמה, בחוו""ד חוקרת הילדים ובעדותה",tagger2,not annotated,category1
768639,s993897," באשר לאירוע במקלחת, מעידה החוקרת וקובעת בגיליון הערכת מהימנות  מיום 28/10/99 (ת/10), שעדות הילדה מהימנה","15. באשר לאירוע במקלחת, מעידה החוקרת וקובעת בגיליון הערכת מהימנות  מיום 28/10/99 (ת/10), שעדות הילדה מהימנה. לטעמה מתקיימים בעדות הרבה קריטריונים המחזקים אותה. בתיאור שמסרה הילדה  מעוגן מקום, והסיטואציה  המתוארת  מעוגנת בהשתלשלות  אירועים הגיונית ורציפה. התאור הוא עקבי והאינפורמציה שהיא מוסרת חופשית ללא התערבות מצד המתרגם, הקטינה מרבה להדגים במהלך החקירה באופן מוחשי את אשר אירע. הילדה הרבתה להשתמש בביטוי ""את שלו"" במהלך החקירה, וכשנשאלה למה היא מתכוונת, היא הצביעה על  איבר מינה.  הילדה המחישה את תנועת חיכוך  איברי המין זה בזה  באמצעות בובות,  כשילד  מדגים, הדבר מבטא  זיכרון סנסורי, וזה מחזק את מהימנות העדות. ככל שמתקדמת החקירה  תיאור האפיזודה  מורחב ע""י הילדה, כאשר  היא מספרת  תיאור ספונטני על הכיסא שמכניס הנאשם למקלחת. תיאור ספונטני אחר הוא ""רציתי לנגב את החלב  על הרגליים שלי"". כמו כן, הילדה מתארת אינטראקציה פיזית בינה לבין הנאשם ""לקח אותי"" ,""סובב אותי"". הילדה מתארת  תיאור ייחודי אשר מגביר את מהימנותה,  כאשר  היא מספרת כי  יצא נוזל לבן ""הוא הוציא  משהו לבן  כמו חלב מהחור  הקטן וזה יצא  מהרגליים שלו באמצע"". ישנם תיאורים ספציפיים נוספים כמו הבגדים אותם לבשה  באירוע המקלחת ""לבשתי חולצה וחצאית בצורת פירות"". החוקרת עוד מתרשמת כי  במהלך החקירה הילדה  הייתה נתונה בלחץ נפשי עז ובמבוכה רבה. (ראה ת/10, וכן ראה  עמ'  19-20 לפרוטוקול מיום  28/4/03).נ",3," באשר לאירוע במקלחת, מעידה החוקרת וקובעת בגיליון הערכת מהימנות  מיום 28/10/99 , שעדות הילדה מהימנה",tagger2,not annotated,
315154,ME-10-04-40505-5,"  כך, למשל, בעדותם של מתלוננים בעבירות מין, בניגוד לעניינם של מתלוננים בעבירות רגילות, בית המשפט אינו מייחס משקל יתר לגרסאות הראשונות של המתלונן במשטרה ומודע לכך שהגרסאות הראשונות של קורבנות עבירה מסוג זה, בשל מהות העבירה ואופייה הן לעיתים לקוניות, חושפות טפח ומסתירות טפחיים","הערכת עדותה של צ' כללי 129. מטבע הדברים, עבירות מין, הינן, לעיתים קרובות, עבירות המבוצעות במקום סגור, מבלי שיהיו להן עדים מלבד מבצע העבירה וקורבנו. משכך, במרבית המקרים, על בית המשפט להכריע באישומים המוגשים בעבירות מסוג זה שהראיה המרכזית נגד הנאשם היא עדותו של המתלונן. לצד הקושי הרגיל בהערכת עדויות וקביעת מימצאים שבעובדה, שהם חלק בלתי נפרד, מתפקידו של בית המשפט בהליך הפלילי עבירות המין תופסות מקום מיוחד בשל אופי העבירה שבה רב הנסתר על הנגלה ובדרך כלל רק השניים המעורבים בפרשה יודעים את אשר ארע לאמיתו.  בעניינן של אותן עבירות  התגבשה בפסיקה ""מובלעת ראייתית"" המיוחדת לעבירות המין (ראו:  פלוני נ' מדינת ישראל, מיום 20.10.10, בפיסקה 90 לחוות דעתו של כב' השופט י' עמית וכן הפירוט בפסקאות 82-90 לחוות הדעת).  כך, למשל, בעדותם של מתלוננים בעבירות מין, בניגוד לעניינם של מתלוננים בעבירות רגילות, בית המשפט אינו מייחס משקל יתר לגרסאות הראשונות של המתלונן במשטרה ומודע לכך שהגרסאות הראשונות של קורבנות עבירה מסוג זה, בשל מהות העבירה ואופייה הן לעיתים לקוניות, חושפות טפח ומסתירות טפחיים. הכלל הוא, שאין בחשיפה ההדרגתית של הדברים, מה שקרוי גם ""גרסה מתפתחת"", כדי לפגום באמינות ובמהימנות של עדות קורבן העבירה. ראו:  פלוני נ' מדינת ישראל, מיום 1.7.09, בפיסקה 31;  פלוני נ' מדינת ישראל, מיום 13.9.10, בפיסקה 13. בנוסף, בית המשפט נוטה שלא לדקדק בסתירות ובאי דיוקים בעדויותיהם של קורבנות עבירות מין ומכיר בעובדה שעדותם מתאפיינת בכך ""שהדברים מתערבבים זה בזה, קיים חוסר בהירות מה קדם למה, מה בדיוק נאמר בשלב זה או אחר על ידי מי מהצדדים וכיוצא בכך"" ( פלוני נ' מדינת ישראל, מיום 8.1.07). הפסיקה גם מכירה בכך שמצבם הנפשי המיוחד של נפגעי עבירות המין, יכול להביא לידי בלבול, אי דיוק וחוסר עקביות בעדויותיהם ולפיכך, יש ובית המשפט  מסתפק ב""גרעין האמת"" שבגרסתם, לעיתים ב""גרעין הקשה"" של הגרסה ולעיתים אף למרות שקרים בוטים של המתלונן שהוכחו במהלך המשפט  (ראו: (4), 249;  פלוני  נ' מדינת ישראל, מיום 20.12.09;  אטיאס נ' מדינת ישראל, מיום 6.9.10;  פלוני נ' מדינת ישראל, מיום 7.9.10;  פלוני נ' מדינת ישראל, מיום 27.7.09).",5,"  כך, למשל, בעדותם של מתלוננים בעבירות מין, בניגוד לעניינם של מתלוננים בעבירות רגילות, בית המשפט אינו מייחס משקל יתר לגרסאות הראשונות של המתלונן במשטרה ומודע לכך שהגרסאות הראשונות של קורבנות עבירה מסוג זה, בשל מהות העבירה ואופייה הן לעיתים לקוניות, חושפות טפח ומסתירות טפחיים",tagger2,not annotated,
769689,ME-15-11-34046-11," כפי שפורט על ידי חברתי, ניצבים אנו בפני שתי גרסאות סותרות וקוטביות זו לזו; מחד גיסא, גרסתה המפלילה של המתלוננת, בתו של הנאשם, המתארת בפרוטרוט סדרה של מעשים שביצע בה הנאשם מאז הייתה בת 8 ועד הגשת התלונה בשנת 2015","עדויות מתלוננות בעבירות מין 2. כפי שפורט על ידי חברתי, ניצבים אנו בפני שתי גרסאות סותרות וקוטביות זו לזו; מחד גיסא, גרסתה המפלילה של המתלוננת, בתו של הנאשם, המתארת בפרוטרוט סדרה של מעשים שביצע בה הנאשם מאז הייתה בת 8 ועד הגשת התלונה בשנת 2015. מאידך גיסא, בפנינו גרסת הנאשם המכחיש מכל וכל כי ביצע את כל המעשים המיוחסים לו וטוען כי המתלוננת, בתו הבכורה, מעלילה עליו עלילת שווא.",12," כפי שפורט על ידי חברתי, ניצבים אנו בפני שתי גרסאות סותרות וקוטביות זו לזו; מחד גיסא, גרסתה המפלילה של המתלוננת, בתו של הנאשם, המתארת בפרוטרוט סדרה של מעשים שביצע בה הנאשם מאז הייתה בת 8 ועד הגשת התלונה בשנת 2015",tagger2,not annotated,
32431,m00000935-103," גרסת המתלוננת המפלילה את הנאשם - באמרתה במשטרה בשחזור ובעדותה השניה, בבית המשפט - הינה אמינה, ואין בנסיונה לחזור בה מגרסתה במשטרה בעדותה הראשונה בבית המשפט כדי לפגוע במהימנות הגרסה המפלילה","ב. גרסת המתלוננת המפלילה את הנאשם - באמרתה במשטרה בשחזור ובעדותה השניה, בבית המשפט - הינה אמינה, ואין בנסיונה לחזור בה מגרסתה במשטרה בעדותה הראשונה בבית המשפט כדי לפגוע במהימנות הגרסה המפלילה.",7," גרסת המתלוננת המפלילה את הנאשם - באמרתה במשטרה בשחזור ובעדותה השניה, בבית המשפט - הינה אמינה, ואין בנסיונה לחזור בה מגרסתה במשטרה בעדותה הראשונה בבית המשפט כדי לפגוע במהימנות הגרסה המפלילה",tagger2,not annotated,
693330,m01000232,"בענייננו, כפי שפורט לעיל, גרסתה של המתלוננת הינה בלתי מהימנה ולא ניתן לקבל את טענותיה כי התנגדה לקיום יחסי המין עם הנאשמים וזאת לאור הסתירות והתמיהות העולות מגרסתה","בענייננו, כפי שפורט לעיל, גרסתה של המתלוננת הינה בלתי מהימנה ולא ניתן לקבל את טענותיה כי התנגדה לקיום יחסי המין עם הנאשמים וזאת לאור הסתירות והתמיהות העולות מגרסתה. כמו כן, מהתנהגותה של המתלוננת, אשר המשיכה לשהות עם הנאשמים בפאב לאחר שלטענתה נאנסה על ידי הנאשם 1 בשירותי הפאב ולאחר מכן אף נסעה ביחד עם הנאשמים לדירתו של הנאשם 2 ולא הביעה כל התנגדות לנסיעה זו, ניתן להסיק כי המתלוננת לא התנגדה למעשים. בנסיבות אלו, יכלו הנאשמים לטעות בתום לב, טעות כנה וסבירה, ולפרש את התנהגותה של המתלוננת כהסכמה ורצון בקיום יחסי מין עמם, ובמיוחד שהאירוע בדירה היה בהמשך לאירוע בפאב, שגם בו שידרה המתלוננת מסר של הסכמה, כאשר לאחר מכן חזרה לשולחן והמשיכה לשבת ולשוחח עם הנאשמים.נ",1,"בענייננו, כפי שפורט לעיל, גרסתה של המתלוננת הינה בלתי מהימנה ולא ניתן לקבל את טענותיה כי התנגדה לקיום יחסי המין עם הנאשמים וזאת לאור הסתירות והתמיהות העולות מגרסתה",tagger2,not annotated,
755054,m07004030," מעבר למה שנכתב לעיל, אוסיף ואנמק מדוע מצאתי לסמוך על עדותה היחידה של המתלוננת, לעניין האירוע בגינו מואשם הנאשם ולקבל את גרסתה לגבי מה שביצע בה הנאשם; כמו כן אתייחס לטענות שונות שהעלו הסנגוריות לעניין אמינותה","יב. אמינות – גרסת המתלוננת 86. מעבר למה שנכתב לעיל, אוסיף ואנמק מדוע מצאתי לסמוך על עדותה היחידה של המתלוננת, לעניין האירוע בגינו מואשם הנאשם ולקבל את גרסתה לגבי מה שביצע בה הנאשם; כמו כן אתייחס לטענות שונות שהעלו הסנגוריות לעניין אמינותה.",5," מעבר למה שנכתב לעיל, אוסיף ואנמק מדוע מצאתי לסמוך על עדותה היחידה של המתלוננת, לעניין האירוע בגינו מואשם הנאשם ולקבל את גרסתה לגבי מה שביצע בה הנאשם; כמו כן אתייחס לטענות שונות שהעלו הסנגוריות לעניין אמינותה",tagger2,not annotated,
104197,ME-12-07-50126-518," למותר לציין כי, מבחינה עובדתית ומשפטית, זהו שוני מהותי, והוא מהווה שיקול נוסף ומצטבר לקושי לקבוע ממצא על יסוד עדותה היחידה של המתלוננת, שלא נחקרה חקירה נגדית מלאה","כך, העובדת ר' והעובדת מ' העידו שתיהן כי המתלוננת סיפרה להן שהנאשם הכניס את אצבעותיו לאיבר מינה (פרו' עמ' 36, עמ' 70), וכך גם דיווחה ר' לפקידת הסעד לחוק הנוער (ראה ת/2, דיווחים מיום 9/7/12).  לעומת זאת, המתלוננת העידה, כי הנאשם נגע עם אצבעותיו באיבר מינה, אך לא  החדיר אותן פנימה (פרו', עמ' 16, עמ' 28). למותר לציין כי, מבחינה עובדתית ומשפטית, זהו שוני מהותי, והוא מהווה שיקול נוסף ומצטבר לקושי לקבוע ממצא על יסוד עדותה היחידה של המתלוננת, שלא נחקרה חקירה נגדית מלאה.",5," למותר לציין כי, מבחינה עובדתית ומשפטית, זהו שוני מהותי, והוא מהווה שיקול נוסף ומצטבר לקושי לקבוע ממצא על יסוד עדותה היחידה של המתלוננת, שלא נחקרה חקירה נגדית מלאה",tagger2,not annotated,
585434,4787475,"(ב) הגירסה של המתלוננת קוהרנטית, הגיונית, עקבית ומשתלבת היטב עם עדויות וראיות למכביר","(ב) הגירסה של המתלוננת קוהרנטית, הגיונית, עקבית ומשתלבת היטב עם עדויות וראיות למכביר. כך לדוגמא, באשר לתוכן השיחה המקדימה, עדותה מקבלת חיזוק מהעדויות של הרע""ן וסימה. באשר לכניסה לחדרו של טורבוביץ, יש תימוכין בעדויות של יניב ושל סימה. באשר ליציאה מהחדר של טורבוביץ והצילום השלישי, העדות של המתלוננת מקבלת חיזוק ע""י סימה.",1," הגירסה של המתלוננת קוהרנטית, הגיונית, עקבית ומשתלבת היטב עם עדויות וראיות למכביר",tagger2,not annotated,
587545,ME-08-1012-33,"נטען כי לעומת עדותה המהימנה של המתלוננת, הייתה גרסת הנאשם בלתי אמינה, כאשר לדעת התביעה ""דבריו מלאים בתמיהות, גרסתו כבושה ומלאה בפרטים נוספים שהעלה לראשונה בעדותו בבית המשפט","נטען כי לעומת עדותה המהימנה של המתלוננת, הייתה גרסת הנאשם בלתי אמינה, כאשר לדעת התביעה ""דבריו מלאים בתמיהות, גרסתו כבושה ומלאה בפרטים נוספים שהעלה לראשונה בעדותו בבית המשפט..."".",5,"נטען כי לעומת עדותה המהימנה של המתלוננת, הייתה גרסת הנאשם בלתי אמינה, כאשר לדעת התביעה ""דבריו מלאים בתמיהות, גרסתו כבושה ומלאה בפרטים נוספים שהעלה לראשונה בעדותו בבית המשפט",tagger2,not annotated,
761259,SH-10-10-53929-33,"מכלול קשיים אלה בהצטברותם אל חוסר התייחסותו המפורטת של הנאשם, בחקירתו במשטרה, לאירוע הנטען, ולאור הקושי ליתן בו אמון בכלל, מהנימוקים שפירטתי לעיל, אל מול גרסתם הקוהרנטית והמובנית בתוך הקונטקסט, של המתלוננים, מכריעים את הכף לעבר העדפת גרסת המתלוננים על פני גרסת הנאשם","מכלול קשיים אלה בהצטברותם אל חוסר התייחסותו המפורטת של הנאשם, בחקירתו במשטרה, לאירוע הנטען, ולאור הקושי ליתן בו אמון בכלל, מהנימוקים שפירטתי לעיל, אל מול גרסתם הקוהרנטית והמובנית בתוך הקונטקסט, של המתלוננים, מכריעים את הכף לעבר העדפת גרסת המתלוננים על פני גרסת הנאשם.",5,"מכלול קשיים אלה בהצטברותם אל חוסר התייחסותו המפורטת של הנאשם, בחקירתו במשטרה, לאירוע הנטען, ולאור הקושי ליתן בו אמון בכלל, מהנימוקים שפירטתי לעיל, אל מול גרסתם הקוהרנטית והמובנית בתוך הקונטקסט, של המתלוננים, מכריעים את הכף לעבר העדפת גרסת המתלוננים על פני גרסת הנאשם",tagger2,not annotated,
206176,ME-15-07-28768-44," מול עדותה האמינה של המתלוננת לא עומד, למעשה, דבר וחצי דבר","173. מול עדותה האמינה של המתלוננת לא עומד, למעשה, דבר וחצי דבר.",5," מול עדותה האמינה של המתלוננת לא עומד, למעשה, דבר וחצי דבר",tagger2,not annotated,
824882,ME-08-1198-419,"גרסתה השקרית של המתלוננת בעניין אופן הגעתה אל נאשם 1 והכחשתה את גרסת ההגנה, נעוץ באי רצונה לערב ולסבך את נאשם 2, שהינו דודה, כמי שהביאה אל נאשם 1","גרסתה השקרית של המתלוננת בעניין אופן הגעתה אל נאשם 1 והכחשתה את גרסת ההגנה, נעוץ באי רצונה לערב ולסבך את נאשם 2, שהינו דודה, כמי שהביאה אל נאשם 1. מה גם, שנאשם 2 הודה במשטרה כי הוא לקח את המתלוננת לנאשם 1, אך מאחר והמתלוננת מנסה להסתיר את חלקו באירועים, מסרה גרסה שקרית לפיה הובאה על ידי חוטפים אלמונים לנאשם 1. כן הכחישה המתלוננת את גרסאותיהם של נאשמים 1-3, בעניין הגעתה אל הנאשם 1, אך לא עלה בידיה לתת הסבר גרסה אחרת.",5,"גרסתה השקרית של המתלוננת בעניין אופן הגעתה אל נאשם 1 והכחשתה את גרסת ההגנה, נעוץ באי רצונה לערב ולסבך את נאשם 2, שהינו דודה, כמי שהביאה אל נאשם 1",tagger2,not annotated,
620350,m06003037,"לאחר שסקרתי את גירסת הנאשם ואת העדויות מהן עשויה לעלות תמיכה לגירסתו, סבורני כי גירסת המתלוננת מהימנה ועדיפה הימנה","לאחר שסקרתי את גירסת הנאשם ואת העדויות מהן עשויה לעלות תמיכה לגירסתו, סבורני כי גירסת המתלוננת מהימנה ועדיפה הימנה. לא עלה בידי הנאשם להעלות ספק סביר בדבר התרחשות המעשים נשוא כתב האישום ובדבר היותו מבצעם.",3,"לאחר שסקרתי את גירסת הנאשם ואת העדויות מהן עשויה לעלות תמיכה לגירסתו, סבורני כי גירסת המתלוננת מהימנה ועדיפה הימנה",tagger2,not annotated,
257250,SH-09-12-25181-569,"משהקשתה התובעת ושאלה הם שיקרה המתלוננת, השיב: ""אני לא יודע, אני אומר לך לא מסתדר לי מבחינת היגיון שהיא תבוא פעם בשבוע"" רק משהמשיכה התובעת והקשתה עליו, ציין כי גירסת המתלוננת אינה נכונה לטעמו","משהקשתה התובעת ושאלה הם שיקרה המתלוננת, השיב: ""אני לא יודע, אני אומר לך לא מסתדר לי מבחינת היגיון שהיא תבוא פעם בשבוע"" רק משהמשיכה התובעת והקשתה עליו, ציין כי גירסת המתלוננת אינה נכונה לטעמו.",3,"משהקשתה התובעת ושאלה הם שיקרה המתלוננת, השיב: ""אני לא יודע, אני אומר לך לא מסתדר לי מבחינת היגיון שהיא תבוא פעם בשבוע"" רק משהמשיכה התובעת והקשתה עליו, ציין כי גירסת המתלוננת אינה נכונה לטעמו",tagger2,not annotated,
340123,ME-12-10-49947-393,"עדותו המהימנה של המתלונן, הפרטים הרבים שסיפר, העקביות, שטף דיבורו, האותנטיות בתיאור מבטו של הנאשם והכנות בה שיתף בחששו להלך ברחוב לאחר האירוע לא מותירים מקום לספק","עדותו המהימנה של המתלונן, הפרטים הרבים שסיפר, העקביות, שטף דיבורו, האותנטיות בתיאור מבטו של הנאשם והכנות בה שיתף בחששו להלך ברחוב לאחר האירוע לא מותירים מקום לספק. אני מאמין למתלונן כי הוא הותקף מינית במקווה כפי שתיאר בעדותו. בכל פעם שנשאל האם יתכן שמדובר היה בנגיעה מקרית באיבר מינו הדגיש המתלונן כי הוא לא הרגיש נגיעה אלא שפשוף ממש (פרוטוקול דיון מיום 26.12.2012, עמוד 6 שורות 22-23, עמוד 14 שורות 11-12). יחד עם זאת הוא לא ניסה להפריז יתר על המידה בחומרת המעשה. יצויין כי אף הנאשם אינו שולל שהמתלונן אכן הותקף כפי שהעיד אלא שלטענתו, מדובר בטעות בזיהוי.",5,"עדותו המהימנה של המתלונן, הפרטים הרבים שסיפר, העקביות, שטף דיבורו, האותנטיות בתיאור מבטו של הנאשם והכנות בה שיתף בחששו להלך ברחוב לאחר האירוע לא מותירים מקום לספק",tagger2,not annotated,
310798,ME-11-06-2577-640,"במוקד ראיות התביעה עומדת, כדבר מובן מאליו, עדותה היחידה של המתלוננת ובהתאם למידת האמון שיינתן בה, בסופו של יום, יקום וייפול דבר","במוקד ראיות התביעה עומדת, כדבר מובן מאליו, עדותה היחידה של המתלוננת ובהתאם למידת האמון שיינתן בה, בסופו של יום, יקום וייפול דבר.",5,"במוקד ראיות התביעה עומדת, כדבר מובן מאליו, עדותה היחידה של המתלוננת ובהתאם למידת האמון שיינתן בה, בסופו של יום, יקום וייפול דבר",tagger2,not annotated,
399412,ME-08-04-4869-1," עדותו האמינה של המתלונן הנתמכת, בין היתר, בנזק הנפשי החמור שנגרם לו, מצביעה כי אכן חווה פגיעה מינית חמורה","66. טענה זו נדחית בשל נימוקים אלה: א. עדותו האמינה של המתלונן הנתמכת, בין היתר, בנזק הנפשי החמור שנגרם לו, מצביעה כי אכן חווה פגיעה מינית חמורה.",5," עדותו האמינה של המתלונן הנתמכת, בין היתר, בנזק הנפשי החמור שנגרם לו, מצביעה כי אכן חווה פגיעה מינית חמורה",tagger2,not annotated,
176890,k00011398p, המתלוננת העידה לפנינו עדות ארוכה (עמ' 6 - 114),12. המתלוננת העידה לפנינו עדות ארוכה (עמ' 6 - 114). אמרותיה במשטרה (נ1/ ונ2/) הוגשו כראייה. עדותה ואמרותיה משלימות זו את זו.,8, המתלוננת העידה לפנינו עדות ארוכה ,tagger2,not annotated,
343207,ME-10-07-44791-817, בהקשר זה יש לציין את עדותה הנרגשת של המתלוננת שתיארה את צניעותה הרבה ואת הדחייה והגועל שחשה נוכח התנהגותו של הנאשם,"טענת המתלוננת כי לא חפצה כלל במעשים מיניים אלה שנכפו עליה בחתף, הינה טענה סבירה ומובנת, נוכח העובדה כי למתלוננת לא היה ניסיון מיני קודם, הנאשם היה זר לה לחלוטין, והיא נפגשה בו לראשונה זמן קצר מאד קודם לכן, ללא יכולת מעשית אובייקטיבית לפתח אף יחסים אינטימיים ראשוניים. בהקשר זה יש לציין את עדותה הנרגשת של המתלוננת שתיארה את צניעותה הרבה ואת הדחייה והגועל שחשה נוכח התנהגותו של הנאשם.",5, בהקשר זה יש לציין את עדותה הנרגשת של המתלוננת שתיארה את צניעותה הרבה ואת הדחייה והגועל שחשה נוכח התנהגותו של הנאשם,tagger2,not annotated,
206618,ME-15-07-28768-44,"במצב דברים זה, כאשר מול עדותה האמינה של המתלוננת לא עומד למעשה דבר, יש לקבוע כי נתמלאו יסודות העבירות המיוחסות לנאשם בפרט אישום זה","במצב דברים זה, כאשר מול עדותה האמינה של המתלוננת לא עומד למעשה דבר, יש לקבוע כי נתמלאו יסודות העבירות המיוחסות לנאשם בפרט אישום זה.",5,"במצב דברים זה, כאשר מול עדותה האמינה של המתלוננת לא עומד למעשה דבר, יש לקבוע כי נתמלאו יסודות העבירות המיוחסות לנאשם בפרט אישום זה",tagger2,not annotated,
134958,ME-09-1010-27,"מצאתי כי גרסת המתלוננת באשר להשתלשלות האירוע הרביעי מהימנה ונתמכת בראיות חיצוניות, בשונה מגרסת הנאשם המופרכת על פניה, לה לא נתתי כל אמון","מצאתי כי גרסת המתלוננת באשר להשתלשלות האירוע הרביעי מהימנה ונתמכת בראיות חיצוניות, בשונה מגרסת הנאשם המופרכת על פניה, לה לא נתתי כל אמון.",3,"מצאתי כי גרסת המתלוננת באשר להשתלשלות האירוע הרביעי מהימנה ונתמכת בראיות חיצוניות, בשונה מגרסת הנאשם המופרכת על פניה, לה לא נתתי כל אמון",tagger2,not annotated,
443555,m06001058-315,"גרסת המתלוננת בעדותה בביהמ""ש אשר לאירוע ביום 16/5, זהה גם היא לחלוטין לזו שנמסרה על ידה ב- נ/2 ו- נ/1","גרסת המתלוננת בעדותה בביהמ""ש אשר לאירוע ביום 16/5, זהה גם היא לחלוטין לזו שנמסרה על ידה ב- נ/2 ו- נ/1. לדבריה, הוא הפיל אותה על המיטה בחדרו, נעל את הדלת, נשק לה על הצוואר, לחי, אוזניים, נשכב עליה, הוריד את החזייה, נשק את הצוואר והחזה, היא התחילה לבכות כי התנגדה-",7,"גרסת המתלוננת בעדותה בביהמ""ש אשר לאירוע ביום 16/5, זהה גם היא לחלוטין לזו שנמסרה על ידה ב- נ/2 ו- נ/1",tagger2,not annotated,
272259,s01005977-369,"מכיוון שעסקינן במשפט פלילי, אין די בכך שעדות המתלוננות תהינה סבירות יותר מעדות הנאשם, פער עדויות כזה מספיק להכרעה במשפט האזרחי, לשם עמידה בנטל המאזן ההסתברויות, לא כן בדין הפלילי המחייב הכרעה מעבר לכל ספק סביר","מכיוון שעסקינן במשפט פלילי, אין די בכך שעדות המתלוננות תהינה סבירות יותר מעדות הנאשם, פער עדויות כזה מספיק להכרעה במשפט האזרחי, לשם עמידה בנטל המאזן ההסתברויות, לא כן בדין הפלילי המחייב הכרעה מעבר לכל ספק סביר.",3,"מכיוון שעסקינן במשפט פלילי, אין די בכך שעדות המתלוננות תהינה סבירות יותר מעדות הנאשם, פער עדויות כזה מספיק להכרעה במשפט האזרחי, לשם עמידה בנטל המאזן ההסתברויות, לא כן בדין הפלילי המחייב הכרעה מעבר לכל ספק סביר",tagger2,not annotated,
172073,s04008848-171, גם מתלוננת 2 עשתה עלי רושם אמין מאוד,"20. גם מתלוננת 2 עשתה עלי רושם אמין מאוד. היא לא הפריזה בתיאור מעשי הנאשם וציינה פרטים שאושרו על ידי הנאשם עצמו, כגון שיחתו של הנאשם עם חברה בטרם עלייתה למונית, הדברים שמסרה לאחר מכן לחברה ותגובתו של אותו חבר כלפי הנאשם.",17, גם מתלוננת 2 עשתה עלי רושם אמין מאוד,tagger2,not annotated,
426574,ME-10-08-28161-260, עדותה הגרעינית של הילדה עקבית ומדוייקת בהזדמנויות שבהן ניתן לה לפרטה,"1. עדותה הגרעינית של הילדה עקבית ומדוייקת בהזדמנויות שבהן ניתן לה לפרטה. הן בחשיפה הראשונית בפני אביה, שתועדה והוקלטה על ידו, זמן קצר אחרי ששוחחה איתו על כך לראשונה (ולפי שאני מאמין לעדות האב ולמהימנותו עת העיד על פרטי השיחה הראשונית - הרי מדובר כבר בשלב זה על פעמיים שבהם חזרה על סיפורה), והן בעדות בפני חוקרת הילדים. הגרעין הבסיסי של התלונה, אף עולה מהתיאור הלקוני של ניסיונה לחשוף את הפגיעה בה בפני אמה, ניסיון שלמרבה הצער נתקל במה שרק ניתן להגדיר כאדישות, אם לא כעצימת עיניים, מצד האם.",12, עדותה הגרעינית של הילדה עקבית ומדוייקת בהזדמנויות שבהן ניתן לה לפרטה,tagger2,not annotated,
816574,m07001123,"עיתוי הגשת התלונה והטענה ל""עדות כבושה"" – ביחס לשתי המתלוננות 31","עיתוי הגשת התלונה והטענה ל""עדות כבושה"" – ביחס לשתי המתלוננות 31. הסנגור טוען כי על פי כתב האישום העבירות בוצעו לכאורה בין  השנים 2006 – 2005. הנאשם היה אמור להשתחרר ביום 15/11/07 ממאסר שריצה במשך שישה חודשים בשל עבירות אלימות במשפחה. התלונה למשטרה בתיק הנוכחי נמסרה על ידי בתה החורגת של אשתו, אמה של א', ביום 28/10/07.",5,"עיתוי הגשת התלונה והטענה ל""עדות כבושה"" – ביחס לשתי המתלוננות 31",tagger2,not annotated,
328344,m08001086-173,"המתלוננת הותירה רושם חיובי, כן ומהימן","המתלוננת הותירה רושם חיובי, כן ומהימן. בעדות עניינית, בהירה ועקבית, חפה מהתלהמות ונטולת כל הגזמה, תיארה מסכת רציפה ומתמשכת של פגיעות מיניות אותן בצע בה הנאשם בעודה ילדה, אשר נפרשה על פני שנים ארוכות. דבריה מעל הדוכן נמסרו מתוך כאב ומצוקה ניכרים, אך בה בעת בצורה שוטפת ורהוטה ומנקודת מבט אישית-אותנטית, תוך התייחסות קונקרטית למגוון של מעשי עבירה, בעלי מאפיינים ספציפיים וציון הזירות השונות בהן התרחשו, באופן היוצר תמונה מציאותית קוהרנטית ושלמה ושולל כל אפשרות של המצאה דימיונית. ולא למותר להדגיש, כי הנאשם עצמו, למצער, הודה בפנינו ברוב עובדות האישום השני.",17,"המתלוננת הותירה רושם חיובי, כן ומהימן",tagger2,not annotated,
376872,SH-08-2140-86,גרסתה של המתלוננת לגבי מהלך השיחה שונה,גרסתה של המתלוננת לגבי מהלך השיחה שונה.,1,גרסתה של המתלוננת לגבי מהלך השיחה שונה,tagger2,not annotated,
424525,ME-11-02-49931-817," הנאשם, אף שלא הכחיש כי השכיב את שתי הנשים על המיטה, לא מסר הסבר מתקבל על הדעת מדוע עשה כן, ומכל מקום, וכאמור, עדות המתלוננות אמינה ואני מעדיף אותן על פני עדותו של הנאשם","הנאשם 14. מנגד, הנאשם, בעדותו לפניי, יצר רושם חלקלק, מניפולטיבי, מתחמק, והעיד כמי שהולך בין הטיפות. במקומות בהם לא ראה סכנה לעצמו (לאור התשובה לאישום), לא חלק על עדות המתלוננות (כגון על היקף וטיב הרכוש אותו גנב מהן), אולם במקומות בהם חש כי רגליו בסכנה, ניסה וביקש לעדן את התנהלותו ומעשיו. הנאשם הכחיש כי הוריד תכשיטים בכוח מגופה של ח.ו. או כי גרר אותה בכוח ובחוזקה אחריו ברחבי הדירה. מפיו נשמעו הדברים כאילו יצא עימה לטיול רגוע. הנאשם, אף שלא הכחיש כי השכיב את שתי הנשים על המיטה, לא מסר הסבר מתקבל על הדעת מדוע עשה כן, ומכל מקום, וכאמור, עדות המתלוננות אמינה ואני מעדיף אותן על פני עדותו של הנאשם. יודגש באשר לעצם המעשה – השכבתן של השתיים על המיטה – הנאשם אינו חולק כלל. באשר למתלוננת ג.פ. אמר הנאשם כי הפילה על המיטה על מנת להפחידה ולמנוע ממנה מלברוח או לצעוק. את המתלוננת השנייה הכניס בברוטאליות לחדר השינה לאחר שכבר סיים את 'פרק הרכוש' בדירה, השכיב אותה על המיטה וישב מעליה. התירוץ שנתן לכך היה כי ראה שמתלוננת זו, שכבר נרגעה, נראתה ""זוממת"" דבר מה והוא ביקש לעקר כל ניסיון להכשילו. בעובדה שהנאשם מאשר כי השכיב את שתי הנשים על המיטה, הוא מחזק את עדותן, ובתירוציו הדלים שנתן לכך הוא מגביר את אמינותן, שאינה זקוקה לעידוד מצידו, באשר למעשים שעשה בהן כפי עדותן. אין לקבל  את ניסיון הנאשם להתרחק ממעשים בעלי גוון מיני כפי שביקש. לנאשם לא הייתה כל סיבה לגרור את ח.ו. פעם נוספת לחדר השינה, לאור מצבה המפוחד והשברירי, כאשר לא היה בכוחה להזיק לו. כן הדבר באשר להשכבתה של ג.פ. על המיטה. אין זאת, אלא שהנאשם ביקש לעצמו גם ריגוש מיני, לצד נטילת רכוש, ועל-כן איים על האחת שיעשה לה מה שבעלה עושה לה ולאחר מכן השכיבה על המיטה, כמו גם דבריו ומעשיו כנגד המתלוננת השנייה, לאחר שהשיבה לחדר השינה והשכיבה על המיטה, כמפורט לעיל. בהקשר זה לא למותר להוסיף כי הנאשם, כמי שמשתייך למגזר החרדי, ידע היטב כי במעשיו הפיזיים הנוגעים בנשים חרדיות: השכבתן על המיטה, ישיבה מעליהן ואחיזה בגופן, יש משום מעשה מגונה בהקשרו המיני. הנאשם, יש לציין, יודע להתנסח היטב, מדייק במילים אותן הוא בוחר, לא פעם התייחס לפרט זה או אחר בעדות המתלוננות על מנת 'להעמיד דברים על דיוקם'. הערות אלה, באשר לכושר הבנתו והתנסחותו של הנאשם, באות גם לאור רצון הנאשם, בעדותו, להסתייג מתשובות סנגורו הקודם לכתב האישום, תשובות שניתנו גם בפתח ישיבת הוכחות, במעמד הנאשם ובנוכחותו, ומבלי שהנאשם מצא לנכון להעיר הערה כלשהי בזמן אמת.",7," הנאשם, אף שלא הכחיש כי השכיב את שתי הנשים על המיטה, לא מסר הסבר מתקבל על הדעת מדוע עשה כן, ומכל מקום, וכאמור, עדות המתלוננות אמינה ואני מעדיף אותן על פני עדותו של הנאשם",tagger2,not annotated,
147435,ME-08-1051-165,"הגם שעדות המתלוננת הייתה קוהרנטית ואמינה בעיקר הדברים, עדיין הספק הסביר, כפי שהיטיבה חברתי השופטת דיסקין בפסק דינה להציגו, עומד לזכותו של הנאשם","הגם שעדות המתלוננת הייתה קוהרנטית ואמינה בעיקר הדברים, עדיין הספק הסביר, כפי שהיטיבה חברתי השופטת דיסקין בפסק דינה להציגו, עומד לזכותו של הנאשם.",7,"הגם שעדות המתלוננת הייתה קוהרנטית ואמינה בעיקר הדברים, עדיין הספק הסביר, כפי שהיטיבה חברתי השופטת דיסקין בפסק דינה להציגו, עומד לזכותו של הנאשם",tagger2,not annotated,
595346,M-NH-2-003-L,"מאחר והחלטתי להרשיע את הנאשם בעבירות המיוחסות לו בכתב האישום, וזאת על סמך עדותה היחידה של המתלוננת, העומדת בסתירה לעדותו של הנאשם, להלן נימוקיי מדוע החלטתי לעשות כן","מאחר והחלטתי להרשיע את הנאשם בעבירות המיוחסות לו בכתב האישום, וזאת על סמך עדותה היחידה של המתלוננת, העומדת בסתירה לעדותו של הנאשם, להלן נימוקיי מדוע החלטתי לעשות כן. הנימוק הראשון הינו העובדה, שאני מאמין באופן מוחלט לגירסתה של המתלוננת. זהו אמנם נימוק שאין קל ממנו לשופט המנסח את הכרעת-הדין אולם אין מנוס מאשר להדגיש שזהו הנימוק החשוב ביותר.",5,"מאחר והחלטתי להרשיע את הנאשם בעבירות המיוחסות לו בכתב האישום, וזאת על סמך עדותה היחידה של המתלוננת, העומדת בסתירה לעדותו של הנאשם, להלן נימוקיי מדוע החלטתי לעשות כן",tagger2,not annotated,
200406,s00003258-220,"מאחר שעסקינן במשפט פלילי, אין די בכך שעדות המתלוננת תהיה סבירה יותר מעדות הנאשם, פער עדויות כזה מספיק להכרעה במשפט האזרחי לשם עמידה בנטל מאזן ההסתברויות, לא כן בדין הפלילי המחייב הכרעה מעבר לכל ספק סביר","מאחר שעסקינן במשפט פלילי, אין די בכך שעדות המתלוננת תהיה סבירה יותר מעדות הנאשם, פער עדויות כזה מספיק להכרעה במשפט האזרחי לשם עמידה בנטל מאזן ההסתברויות, לא כן בדין הפלילי המחייב הכרעה מעבר לכל ספק סביר.",7,"מאחר שעסקינן במשפט פלילי, אין די בכך שעדות המתלוננת תהיה סבירה יותר מעדות הנאשם, פער עדויות כזה מספיק להכרעה במשפט האזרחי לשם עמידה בנטל מאזן ההסתברויות, לא כן בדין הפלילי המחייב הכרעה מעבר לכל ספק סביר",tagger2,not annotated,
525373,m03001069,"בידוע הוא, כי כאשר מדובר בעבירות מין, אין צורך בקיומו של סיוע לעדוּת יחידה של מתלוננת, וּבלבד שמסקנת בית-המשפט תהא מנומקת כדבעי, כמִצוות  לפקודת הראיות [נוסח חדש], התשל""א-1971","בידוע הוא, כי כאשר מדובר בעבירות מין, אין צורך בקיומו של סיוע לעדוּת יחידה של מתלוננת, וּבלבד שמסקנת בית-המשפט תהא מנומקת כדבעי, כמִצוות  לפקודת הראיות [נוסח חדש], התשל""א-1971. הימצאם של חיזוקים, אותות אמת, כמו גם פריסה רחבה של מַסֶּכֶת הראיות, וּבוַדאי הוֹכָחָתן של עבירות נלוות למעשה המיני, עונים על דרישת ההנמקה במקרים אלו (, פ""ד נו(6), 205, 216).",5,"בידוע הוא, כי כאשר מדובר בעבירות מין, אין צורך בקיומו של סיוע לעדוּת יחידה של מתלוננת, וּבלבד שמסקנת בית-המשפט תהא מנומקת כדבעי, כמִצוות  לפקודת הראיות , התשל""א-1971",tagger2,not annotated,
23146,SH-10-10-18706-362,"לעומת גרסתה הברורה, החד משמעית והאמינה של המתלוננת עומדת גרסתו של הנאשם, שכפי שכבר ציינתי לעיל הייתה שחצנית, יהירה, זחוחה וארוגנטית","לעומת גרסתה הברורה, החד משמעית והאמינה של המתלוננת עומדת גרסתו של הנאשם, שכפי שכבר ציינתי לעיל הייתה שחצנית, יהירה, זחוחה וארוגנטית.",5,"לעומת גרסתה הברורה, החד משמעית והאמינה של המתלוננת עומדת גרסתו של הנאשם, שכפי שכבר ציינתי לעיל הייתה שחצנית, יהירה, זחוחה וארוגנטית",tagger2,not annotated,
603882,m06007025-296,העדות הראשונה של המתלוננת 6,"העדות הראשונה של המתלוננת 6. בעדותה הראשונה תארה המתלוננת את קורות חייה, שלא היו סוגים בשושנים. היא הוצאה מחוץ לבית ושהתה בפנימיה, שם הכירה את אחיו של הנאשם, שהיה מדריך שלה. כשחזרה בגיל 14 לבית אמהּ, הכיר לה האח את הנאשם ואמו. המתלוננת היתה נפגשת עם הנאשם והיתה שופכת את ליבה בפניו. הם נפגשו לעיתים מזומנות חרף פער הגילים ביניהם.",5,העדות הראשונה של המתלוננת 6,tagger2,not annotated,
730997,s998267,"                  ואומר כבר עתה כי המתלוננת, בהופעתה בביהמ""ש, הותירה רושם חיובי ביותר וגם ההגנה אינה חולקת על כך","5.                  ואומר כבר עתה כי המתלוננת, בהופעתה בביהמ""ש, הותירה רושם חיובי ביותר וגם ההגנה אינה חולקת על כך. אני מודעת למאמץ שנדרש ממנה לכל אורך הדרך ויש להעריך ולכבד את נכונותה ופתיחותה לאפשר לנו להביט ולגעת בעולמה הפנימי המיוחד.",17,"                  ואומר כבר עתה כי המתלוננת, בהופעתה בביהמ""ש, הותירה רושם חיובי ביותר וגם ההגנה אינה חולקת על כך",tagger2,not annotated,
46213,SH-10-04-42431-606," שום ראיה חפצית לא הובאה לתמוך בגרסתו המופרכת של המתלונן""","הסניגור פתח את סיכומיו באמירה מודגשת לפיה: ""שום ראיה אובייקטיבית לא הובאה לתמיכה בטענת המתלונן. שום ראיה חפצית לא הובאה לתמוך בגרסתו המופרכת של המתלונן"". הסנגור מתעלם משום מה מכך שהנאשם עצמו הודה ברוב רובה של גרסת המתלונן, באשר לרכיבים העובדתיים שבה. המחלוקות העובדתיות הן שוליות ומינוריות. הנאשם כפר בעיקרו ביסוד הנפשי שבביצוע אותם מעשים, זאת ותו לא.",5," שום ראיה חפצית לא הובאה לתמוך בגרסתו המופרכת של המתלונן""",tagger2,not annotated,
94660,ME-10-09-35796-613," יתרה מזאת, גם בנקודה צרה זו גרסת המתלוננת, ולפיה השירותים שהיא נותנת לעולם תחומים בזמן, הגיונית ומסתברת יותר מטענת הנאשם כי בעבור 50 ₪ הסכימה לספק לו שירותי מין ללא כל מגבלת זמן","שנית, גם לגופה של טענה איני מוצאת בה ממש. המתלוננת הסבירה היטב כי מקור הבלבול נעוץ בכך שמבחינתה ישנם שני מסלולים אפשריים של שירות ולכן, גם אם במועד מסירת ההודעה לא עלה בידה לזכור מה בדיוק סיכמה עם הנאשם ספציפית, עדיין אין בכך כדי לפגוע בליבת גרסתה. יתרה מזאת, גם בנקודה צרה זו גרסת המתלוננת, ולפיה השירותים שהיא נותנת לעולם תחומים בזמן, הגיונית ומסתברת יותר מטענת הנאשם כי בעבור 50 ₪ הסכימה לספק לו שירותי מין ללא כל מגבלת זמן. משכך, אין לסתירה האמורה כל השלכה על מהימנות המתלוננת וכל טענות ב""כ הנאשם בהקשר זה נדחות.",7," יתרה מזאת, גם בנקודה צרה זו גרסת המתלוננת, ולפיה השירותים שהיא נותנת לעולם תחומים בזמן, הגיונית ומסתברת יותר מטענת הנאשם כי בעבור 50 ₪ הסכימה לספק לו שירותי מין ללא כל מגבלת זמן",tagger2,not annotated,
199125,SH-11-11-50610-711," עדותה של המתלוננת הייתה עקבית החל מגרסתה בעימות בינה לבין הנאשם, שהתקיים במשטרה כחצי שנה לאחר האירוע (ת/1) וכלה בעדותה בבית המשפט","11. המתלוננת, אישה כבת 47, נכון למועד האירוע, תושבת העיר אילת, הועסקה כעובדת חדשה במטבח מלון ""הנסיכה"" אילת. בחינת על של כלל עדותה ציירה תמונה מהימנה של מהלך האירועים ונסיבותיהם. התרשמתי מעדותה כי עשתה כל שאל ידה על מנת לתארו כפי שהתרחש כהווייתו ולא להעצימו. עדותה הייתה מאופקת אך נרגשת. ניכר עליה כי המעמד לא קל לה ומבוכתה ניכרה היטב. המתלוננת גוללה בפשטות, עם זאת בפירוט הנדרש, את שארע, החל מהאמירות שאמר לה הנאשם ועד לנשיקה על לחיה. עדותה של המתלוננת הייתה עקבית החל מגרסתה בעימות בינה לבין הנאשם, שהתקיים במשטרה כחצי שנה לאחר האירוע (ת/1) וכלה בעדותה בבית המשפט.",1," עדותה של המתלוננת הייתה עקבית החל מגרסתה בעימות בינה לבין הנאשם, שהתקיים במשטרה כחצי שנה לאחר האירוע  וכלה בעדותה בבית המשפט",tagger2,not annotated,
548390,m02001238," לכאורה, די לנו בגירסתה האמינה והמהימנה של המתלוננת בכדי להרשיע את הנאשם בעבירה המיוחסת לו","ראיות לעיבוי גירסת המתלוננת 81. לכאורה, די לנו בגירסתה האמינה והמהימנה של המתלוננת בכדי להרשיע את הנאשם בעבירה המיוחסת לו. אולם כמצוות הוראת  ל [נוסח חדש] תשל""א-1971, נדרשת לכך הנמקה מיוחדת.",5," לכאורה, די לנו בגירסתה האמינה והמהימנה של המתלוננת בכדי להרשיע את הנאשם בעבירה המיוחסת לו",tagger2,not annotated,
424539,ME-11-02-49931-817,"סיכומו של דבר, עדויות שתי המתלוננות באשר לאירועים שהתרחשו, כל אחת בדירתה, מקובלות במלואן","סיכומו של דבר, עדויות שתי המתלוננות באשר לאירועים שהתרחשו, כל אחת בדירתה, מקובלות במלואן. מנגד, עדות הנאשם באשר לנקודות השנויות במחלוקת נדחית כבלתי מהימנה ואינה ראויה לאמון.",3,"סיכומו של דבר, עדויות שתי המתלוננות באשר לאירועים שהתרחשו, כל אחת בדירתה, מקובלות במלואן",tagger2,not annotated,
832491,ME-09-06-20584-1,"אמנם אי המצאות תאי זרע של אחר אינה מהווה הוכחה וודאית כי לא היה אדם אחר, אך בהתחשב בגרסתה האמינה של המתלוננת המתארת כי האנס שפך את זרעו במיקום מאוד מדויק על החזה ועל הבטן, (עמ' 112), הרי שאי מציאת תאי זרע של אדם אחר מלבד הנאשם, מחזקת את קביעתי כי תאי הזרע של הנאשם הגיעו לטבורה ולחזייתה של המתלוננת באופן ישיר","אמנם אי המצאות תאי זרע של אחר אינה מהווה הוכחה וודאית כי לא היה אדם אחר, אך בהתחשב בגרסתה האמינה של המתלוננת המתארת כי האנס שפך את זרעו במיקום מאוד מדויק על החזה ועל הבטן, (עמ' 112), הרי שאי מציאת תאי זרע של אדם אחר מלבד הנאשם, מחזקת את קביעתי כי תאי הזרע של הנאשם הגיעו לטבורה ולחזייתה של המתלוננת באופן ישיר.",5,"אמנם אי המצאות תאי זרע של אחר אינה מהווה הוכחה וודאית כי לא היה אדם אחר, אך בהתחשב בגרסתה האמינה של המתלוננת המתארת כי האנס שפך את זרעו במיקום מאוד מדויק על החזה ועל הבטן, , הרי שאי מציאת תאי זרע של אדם אחר מלבד הנאשם, מחזקת את קביעתי כי תאי הזרע של הנאשם הגיעו לטבורה ולחזייתה של המתלוננת באופן ישיר",tagger2,not annotated,
325778,m99934," מנגד, עדותה של המתלוננת מהימנה ביותר, ויש לבסס עליה את הכרעת-הדין","בית-המשפט המחוזי פסק: א. (1) הנאשם בעדותו בחקירות במשטרה ובבית-המשפט השאיר רושם בלתי מהימן לחלוטין. מנגד, עדותה של המתלוננת מהימנה ביותר, ויש לבסס עליה את הכרעת-הדין. הנאשם חייב היה להבין מתוך מעשי המתלוננת, התנהגותה ודבריה שהיא אינה מעוניינת לקיים עמו ועם האחרים יחסי-מין. המתלוננת, לאחר שכבר הייתה שיכורה מיין שסופק לה על-ידי הנאשם, נטלה בדרך כלשהי את סם האקסטזי שהנאשם וחבריו השפיעו עליה לקחת. כשהייתה כבר במצב של שכרות מתקדמת ניסתה להגן על עצמה, וביקשה מהנאשם, תוך כדי בכי, שישמור עליה כי אינה רוצה שיגעו בה. על הנאשם היה להבין מבכיה של המתלוננת ומדבריה, כי היא אינה מעוניינת לקיים עמו יחסי-מין, גם אם מבחינה גופנית הייתה במצב כזה שמנע ממנה להתנגד לו פיזית (757ב – ג).",1," מנגד, עדותה של המתלוננת מהימנה ביותר, ויש לבסס עליה את הכרעת-הדין",tagger2,not annotated,
773061,ME-11-08-19586-11," המאשימה טענה כי עדות המתלוננת היתה עקבית לכל אורך הדרך, וכי ניתן להתרשם שאין סתירות בין הודעותיה במשטרה (המוצגים ת/38 – ת/39ג שלעיל) לבין עדותה בבית המשפט","ה. המאשימה טענה כי עדות המתלוננת היתה עקבית לכל אורך הדרך, וכי ניתן להתרשם שאין סתירות בין הודעותיה במשטרה (המוצגים ת/38 – ת/39ג שלעיל) לבין עדותה בבית המשפט.",7," המאשימה טענה כי עדות המתלוננת היתה עקבית לכל אורך הדרך, וכי ניתן להתרשם שאין סתירות בין הודעותיה במשטרה  לבין עדותה בבית המשפט",tagger2,not annotated,
519000,s98001190-19," מובן שלדיון ב""שאלות חתך"" מקום רק בשלב שני, לאחר דיון ראשוני בגרסה הפרטיקולרית של כל מתלוננת","5129371א. הדיון בתשתית העובדתית המהווה את הבסיס לדיון נחלק לשני חלקים עיקריים: מטעמים שבבהירות הדיון תידונה בשלב ראשון עדויות המתלוננות, כל מתלוננת וגרסתה לעצמה, כל מתלוננת ועדותה היא אשר למעשים שביצע בה, לטענתה, הנאשם; ובשלב השני תידונה השאלות האינטגרטיביות, היינו כל השאלות שעניינן בהשלכות ואף במסקנות אפשריות הנובעות מהשלכותיה של עדות אחת על חברתה. ההכרעה בפרשות הנדונות מחייבת דיון ממשי ב""נושאי רוחב"", היינו בטענות המבקשות להתבסס על השוואה בין גרסאות העדים השונים, אגב נסיון להסיק מסקנות מהמאפיינים של העדויות השונות. מובן שלדיון ב""שאלות חתך"" מקום רק בשלב שני, לאחר דיון ראשוני בגרסה הפרטיקולרית של כל מתלוננת.נ",5," מובן שלדיון ב""שאלות חתך"" מקום רק בשלב שני, לאחר דיון ראשוני בגרסה הפרטיקולרית של כל מתלוננת",tagger2,not annotated,
623145,m99000907,המתלוננת עשתה עלי רושם מהימן,המתלוננת עשתה עלי רושם מהימן.,17,המתלוננת עשתה עלי רושם מהימן,tagger2,not annotated,
416030,m06003016, בפני בית המשפט מצויות למעשה שלוש עדויות כשרות של המתלוננת: עדותה בפני חוקרת הנוער שהוגשה על-פי  לחוק הגנת הילדים; עדותה הראשית של המתלוננת בפני בית המשפט – העדות המפלילה; ועדותה האחרונה של המתלוננת בפני חוקרת הילדים ובפני בית משפט זה בה היא חוזרת מעדותה – העדות המזכה,10. בפני בית המשפט מצויות למעשה שלוש עדויות כשרות של המתלוננת: עדותה בפני חוקרת הנוער שהוגשה על-פי  לחוק הגנת הילדים; עדותה הראשית של המתלוננת בפני בית המשפט – העדות המפלילה; ועדותה האחרונה של המתלוננת בפני חוקרת הילדים ובפני בית משפט זה בה היא חוזרת מעדותה – העדות המזכה.,5, בפני בית המשפט מצויות למעשה שלוש עדויות כשרות של המתלוננת: עדותה בפני חוקרת הנוער שהוגשה על-פי  לחוק הגנת הילדים; עדותה הראשית של המתלוננת בפני בית המשפט – העדות המפלילה; ועדותה האחרונה של המתלוננת בפני חוקרת הילדים ובפני בית משפט זה בה היא חוזרת מעדותה – העדות המזכה,tagger2,not annotated,
417182,m06003016,"עדותה המפלילה של המתלוננת – סדורה במהותה, נמסרה ללא פניות, הגיונית, קוהרנטית בתיאור האירועים על-פי סדרם מתחילתם ועד סופם, תוך שילוב בקונטקסט של מקום, אנשים והתרחשויות וברצף של זמן","עדותה המפלילה של המתלוננת – סדורה במהותה, נמסרה ללא פניות, הגיונית, קוהרנטית בתיאור האירועים על-פי סדרם מתחילתם ועד סופם, תוך שילוב בקונטקסט של מקום, אנשים והתרחשויות וברצף של זמן. תיאורי המתלוננת כללו תיאור אינטראקציות בינה לבין הנאשם, תוך התייחסות לרגשות, להבנות ולמחשבותיה באופן אותנטי וספונטני.",12,"עדותה המפלילה של המתלוננת – סדורה במהותה, נמסרה ללא פניות, הגיונית, קוהרנטית בתיאור האירועים על-פי סדרם מתחילתם ועד סופם, תוך שילוב בקונטקסט של מקום, אנשים והתרחשויות וברצף של זמן",tagger2,not annotated,
354975,ME-11-02-34952-76," כאמור, המתלוננת עשתה עלי רושם אמין","אני מאמין למתלוננת כי נגרמה לה חבלה כתוצאה מהבעיטה שספגה מהנאשם. כאמור, המתלוננת עשתה עלי רושם אמין. היא גם לא ניסתה להעצים את מימדי החבלה שנגרמה לה וציינה כי המדובר בסימן אדום קטן בקוטר של כ-.",17," כאמור, המתלוננת עשתה עלי רושם אמין",tagger2,not annotated,
25548,ME-98-4125-HK,"מטעמים אלה ובשל התלבטויותיי במקרה זה, סבור אני כי לא יהיה זה נכון ראוי וצודק לבסס את הרשעת הנאשם בעבירת האינוס על יסוד עדותה היחידה של המתלוננת, ללא שיימצאו בחומר הראיות שהוצג בפנינו, חיזוקים ראייתיים של ממש להוכחת יסוד אי ההסכמה (כפי שציינתי, התחתונים הקרועים אינם יכולים לשמש חיזוק ראייתי שכזה)","מטעמים אלה ובשל התלבטויותיי במקרה זה, סבור אני כי לא יהיה זה נכון ראוי וצודק לבסס את הרשעת הנאשם בעבירת האינוס על יסוד עדותה היחידה של המתלוננת, ללא שיימצאו בחומר הראיות שהוצג בפנינו, חיזוקים ראייתיים של ממש להוכחת יסוד אי ההסכמה (כפי שציינתי, התחתונים הקרועים אינם יכולים לשמש חיזוק ראייתי שכזה). בית-המשפט רשאי, אמנם, לעשות כן, אך הנסיבות שפורטו לעיל, אינן מאפשרות זאת, לדעתי, במקרה זה.",5,"מטעמים אלה ובשל התלבטויותיי במקרה זה, סבור אני כי לא יהיה זה נכון ראוי וצודק לבסס את הרשעת הנאשם בעבירת האינוס על יסוד עדותה היחידה של המתלוננת, ללא שיימצאו בחומר הראיות שהוצג בפנינו, חיזוקים ראייתיים של ממש להוכחת יסוד אי ההסכמה ",tagger2,not annotated,
226262,ME-11-10-363-44, מעשים אלו לא יוחסו לנאשם בכתב האישום וגרסתו של המתלונן בנקודה זו הייתה סותרת ומבולבלת באופן מעורר ספק,"יצוין כי איני קובע כי בוצעו ע""י הנאשם מעשים מגונים בעודם בחוף הים וכן במהלך הנסיעה אל חוף הים. מעשים אלו לא יוחסו לנאשם בכתב האישום וגרסתו של המתלונן בנקודה זו הייתה סותרת ומבולבלת באופן מעורר ספק.",1, מעשים אלו לא יוחסו לנאשם בכתב האישום וגרסתו של המתלונן בנקודה זו הייתה סותרת ומבולבלת באופן מעורר ספק,tagger2,not annotated,
821573,s001007,"אין, איפוא, לקבל את טענות הסניגור המלומד, שטען בלהט רב, על גירסה מבוימת של המתלוננת, שהעלילה, כביכול, על הנאשם, בגלל שהחליט להפסיק ללמדה נהיגה, נוכח התנהגותה וכישלונותיה במבחני התיאוריה","אין, איפוא, לקבל את טענות הסניגור המלומד, שטען בלהט רב, על גירסה מבוימת של המתלוננת, שהעלילה, כביכול, על הנאשם, בגלל שהחליט להפסיק ללמדה נהיגה, נוכח התנהגותה וכישלונותיה במבחני התיאוריה.",5,"אין, איפוא, לקבל את טענות הסניגור המלומד, שטען בלהט רב, על גירסה מבוימת של המתלוננת, שהעלילה, כביכול, על הנאשם, בגלל שהחליט להפסיק ללמדה נהיגה, נוכח התנהגותה וכישלונותיה במבחני התיאוריה",tagger2,not annotated,
175879,s00002784-201,כפי שציינתי לעיל המתלוננת עשתה עלי רושם מהימן הודעתה של המתלוננת במשטרה לא הוגשה כך שכפי הנראה לא היו סתירות מהותיות בין חקירתה הראשית לבין דבריה במשטרה,כפי שציינתי לעיל המתלוננת עשתה עלי רושם מהימן הודעתה של המתלוננת במשטרה לא הוגשה כך שכפי הנראה לא היו סתירות מהותיות בין חקירתה הראשית לבין דבריה במשטרה.,17,כפי שציינתי לעיל המתלוננת עשתה עלי רושם מהימן הודעתה של המתלוננת במשטרה לא הוגשה כך שכפי הנראה לא היו סתירות מהותיות בין חקירתה הראשית לבין דבריה במשטרה,tagger2,not annotated,
210690,k26398p,"כאמור לעיל, עדות המתלוננת המתייחסת ל""ארוע טבריה"" ול""ארוע החדר"" הייתה מצומצמת, למרות זאת,  ולמרות שניתן לומר כי  עדותה בעניין זה לא הייתה גדושה ומפורטת, אין לומר, שהפירוט אינו מספק תמונה על מה שאירע לה","כאמור לעיל, עדות המתלוננת המתייחסת ל""ארוע טבריה"" ול""ארוע החדר"" הייתה מצומצמת, למרות זאת,  ולמרות שניתן לומר כי  עדותה בעניין זה לא הייתה גדושה ומפורטת, אין לומר, שהפירוט אינו מספק תמונה על מה שאירע לה.",3,"כאמור לעיל, עדות המתלוננת המתייחסת ל""ארוע טבריה"" ול""ארוע החדר"" הייתה מצומצמת, למרות זאת,  ולמרות שניתן לומר כי  עדותה בעניין זה לא הייתה גדושה ומפורטת, אין לומר, שהפירוט אינו מספק תמונה על מה שאירע לה",tagger2,not annotated,
293102,s05003325,משכך - חובה לבדוק בזהירות ובהקפדה יתירה את  שני האפיקים באמצעותם הובאה גירסתה בפני : ראשית יש לקבוע את אמינותה חוקרת הילדים ולאחר מכן להידרש  לעדותה  המוקלטת של המתלוננת,משכך - חובה לבדוק בזהירות ובהקפדה יתירה את  שני האפיקים באמצעותם הובאה גירסתה בפני : ראשית יש לקבוע את אמינותה חוקרת הילדים ולאחר מכן להידרש  לעדותה  המוקלטת של המתלוננת.,5,משכך - חובה לבדוק בזהירות ובהקפדה יתירה את  שני האפיקים באמצעותם הובאה גירסתה בפני : ראשית יש לקבוע את אמינותה חוקרת הילדים ולאחר מכן להידרש  לעדותה  המוקלטת של המתלוננת,tagger2,not annotated,
91715,ME-15-11-4139-531,"אחזור ואדגיש כאן את התזמון בו בחר הנאשם לשנות את גרסתו הראשונית לפיה טעה בדרך, לגרסה לפיה עצר להטיל את מימיו – מיד בתום עדותה המוקדמת של המתלוננת","אחזור ואדגיש כאן את התזמון בו בחר הנאשם לשנות את גרסתו הראשונית לפיה טעה בדרך, לגרסה לפיה עצר להטיל את מימיו – מיד בתום עדותה המוקדמת של המתלוננת. דומה, כי תזמון זה מדבר בעד עצמו, כי בחירתו של הנאשם לכבוש גרסתו ולשנותה במהלך המשפט, אינה נעוצה כלל במצבו הקוגניטיבי.",5,"אחזור ואדגיש כאן את התזמון בו בחר הנאשם לשנות את גרסתו הראשונית לפיה טעה בדרך, לגרסה לפיה עצר להטיל את מימיו – מיד בתום עדותה המוקדמת של המתלוננת",tagger2,not annotated,
797590,s03002629-14,"עדותה של המתלוננת יוצרת לטעמי תמונה ברורה וחד משמעית, שאינה מותירה מקום לספק בדבר אשמת הנאשם, כאשר אין בתשובותיו ובהסבריו כדי להתמודד עמה בהצלחה","עדותה של המתלוננת יוצרת לטעמי תמונה ברורה וחד משמעית, שאינה מותירה מקום לספק בדבר אשמת הנאשם, כאשר אין בתשובותיו ובהסבריו כדי להתמודד עמה בהצלחה.",9,"עדותה של המתלוננת יוצרת לטעמי תמונה ברורה וחד משמעית, שאינה מותירה מקום לספק בדבר אשמת הנאשם, כאשר אין בתשובותיו ובהסבריו כדי להתמודד עמה בהצלחה",tagger2,not annotated,
692509,s016253,"בעימות מסרה המתלוננת גרסה זהה לזו שבביהמ""ש והנאשם הכחיש האשמותיה","בעימות מסרה המתלוננת גרסה זהה לזו שבביהמ""ש והנאשם הכחיש האשמותיה.",8,"בעימות מסרה המתלוננת גרסה זהה לזו שבביהמ""ש והנאשם הכחיש האשמותיה",tagger2,not annotated,
150307,s021784a, יש לקבל את עדותן של שלושת המתלוננות ר,10. יש לקבל את עדותן של שלושת המתלוננות ר.ר – ר.א. – ש.ק. כמהימנות.,4, יש לקבל את עדותן של שלושת המתלוננות ר,tagger2,not annotated,
566803,me-09-02-142920,"   לא זו אף זו,  בעדותה בפנינו,  מסרה המתלוננת גרסה סדורה גם לעניין זה,  ועמדה עליה בחקירתה הנגדית (ר' עמ' 23 לפרו')","הדברים הנ""ל יפים גם לעניין היעדר יכולתה של המתלוננת לזכור בחקירתה במשטרה האם הייתה זו הפטמה הימנית או השמאלית אותה ליקק הנאשם (ר' עמ' 3 לסיכומי בא כוח הנאשם).  יש לזכור כי דברים אלו אירעו במהלך מאבק המתלוננת בנאשם בניסיונה למנוע ממנו בכל דרך לספק את תאוותו המינית,  ובנסיבות אלו,  היעדר יכולת המתלוננת לזכור פרט שולי כגון זה בזמן חקירתה במשטרה אינו גורע ממהימנותה.   לא זו אף זו,  בעדותה בפנינו,  מסרה המתלוננת גרסה סדורה גם לעניין זה,  ועמדה עליה בחקירתה הנגדית (ר' עמ' 23 לפרו').",8,"   לא זו אף זו,  בעדותה בפנינו,  מסרה המתלוננת גרסה סדורה גם לעניין זה,  ועמדה עליה בחקירתה הנגדית ",tagger2,not annotated,
16941,m984014,המתלוננת הותירה בי רושם אמין,"המתלוננת הותירה בי רושם אמין. היא לא הגזימה ולא הפריזה בתאור הארועים נשוא כתב האישום, הקפידה לדייק בפרטים, ואני מאמצת את דבריה במלואם.",17,המתלוננת הותירה בי רושם אמין,tagger2,not annotated,
593306,SH-18-05-9061-55," ציינתי כי, הגם שעדות המתלוננת מהימנה, נותר ספק קל שמא המגע המתואר באישום זה (בין הנאשם לבין המתלוננת ג') – היה אקראי ולא מכוון","ביחס לאישום השלישי, קבעתי כי המעשים לא הוכחו במידה הנדרשת במשפט פלילי. ציינתי כי, הגם שעדות המתלוננת מהימנה, נותר ספק קל שמא המגע המתואר באישום זה (בין הנאשם לבין המתלוננת ג') – היה אקראי ולא מכוון. די בספק זה כדי להוביל לזיכוי הנאשם.",3," ציינתי כי, הגם שעדות המתלוננת מהימנה, נותר ספק קל שמא המגע המתואר באישום זה  – היה אקראי ולא מכוון",tagger2,not annotated,
141746,ME-13-07-36795-33,"באלה הנתונים, אפנה לבחון את הראיות שהוגשו במהלך שמיעת הראיות, לגופן, לאחר קביעתי כי העדות הנוספת של המתלוננות אין בה, הלכה למעשה, כל חזרה מהעדות שניתנה ע""י המתלוננות במהלך שמיעת הראיות","באלה הנתונים, אפנה לבחון את הראיות שהוגשו במהלך שמיעת הראיות, לגופן, לאחר קביעתי כי העדות הנוספת של המתלוננות אין בה, הלכה למעשה, כל חזרה מהעדות שניתנה ע""י המתלוננות במהלך שמיעת הראיות.",5,"באלה הנתונים, אפנה לבחון את הראיות שהוגשו במהלך שמיעת הראיות, לגופן, לאחר קביעתי כי העדות הנוספת של המתלוננות אין בה, הלכה למעשה, כל חזרה מהעדות שניתנה ע""י המתלוננות במהלך שמיעת הראיות",tagger2,not annotated,
616681,m07008007-405," לסוגיה זו נצרך בית-המשפט לאור ההקלטה שביצע עד ההגנה י’ ר’, שעל-בסיסה נטען על-ידי ההגנה כי גרסת מתלוננת 2 הינה שקרית","עוד הוגשו – בהסכמה – הודעות הנאשם במשטרה (ת/1-ת/4א); פתק שנרשם על-ידי עד התביעה א""ק (אחיו של מתלונן 1) באולם בית-המשפט ביום 18.3.07 (ת/5); דו""ח עימות בין הנאשם למתלונן 1 מיום 16.1.07 (ת/6); תצהיר העדה זא""י מיום 22.2.07 בנוגע לאישום 3 (ת/7); פלט השיחות הנכנסות מטעם חברת ""סלקום"", מיום 24.4.07, למספר הטלפון הסלולארי שבבעלות עד ההגנה י’ ר’, אחיינו של הנאשם (ת/8); הודעות עד ההגנה י’ ר’ במשטרה (ת/9 ו-ת/10); אסופת אסמכתאות ובהן קביעות מהימנות ומשקל בלתי מחמיאות שניתנו לחוות-הדעת שהגיש המומחה לזיהוי דוברים מטעם ההגנה, מר א’ ח’, בתיקים אחרים (ת/12-ת/16); מאידך, הוגשה חוות-דעת לזיהוי דוברים מאת הגב' ש’ כ’, ממטא""ר (ת/17). לסוגיה זו נצרך בית-המשפט לאור ההקלטה שביצע עד ההגנה י’ ר’, שעל-בסיסה נטען על-ידי ההגנה כי גרסת מתלוננת 2 הינה שקרית.",7," לסוגיה זו נצרך בית-המשפט לאור ההקלטה שביצע עד ההגנה י’ ר’, שעל-בסיסה נטען על-ידי ההגנה כי גרסת מתלוננת 2 הינה שקרית",tagger2,not annotated,
617522,m07008007-405," בערבו של יום מצאנו, אפוא, ליתן אמון מלא בגרסתו הגולמית של מתלונן 5, כי הנאשם אילצו לבצע בו מין אוראלי ובתוך כך נגע בפי הטבעת שלו, וזאת במסגרת שני אירועים מובחנים, כשאחת הפעמים הייתה בתוככי המסגד, לשם אף הוביל את חוקרי המשטרה","עדותו של מתלונן 5 אינה מגבשת ממצא עובדתי ברור ומוחלט באשר למספר הפעמים בגדרן ביצע בו הנאשם את המעשים דנן, לרבות מועדם. עם זאת, עדותו של מתלונן 5 אינה מותירה מקום לספק, כי מדובר למצער בשני אירועים ולא באירוע בודד, וכי הללו הותירו בו תחושה חריפה של חנק וגועל, עליה חזר לכל אורך עדותו, והיא שהובילה אותו לבסוף להגיש במשטרה את התלונה כנגד הנאשם (עמ' 78). בחקירה נגדית לא שינה מתלונן 5 מאומה מגרסתו המפורטת, ומאמציו של הסנגור להטיל דופי במהימנותו בשל מוגבלותו השכלית לא צלחו. כך, למשל, קיוותה ההגנה לחלץ מפי מורהו של מתלונן 5, שהמדובר בנער שקרן הנוטה לבדות מלבו מעשיות אודות זולתו. ברם, הדבר לא הסתייע בידה, שכן הלה אך אישר בעדותו כי מתלונן 5 מסוגל לתקשר ברמה גבוהה עם סביבתו והוא אינו נוטה לדבר שקר באופן החורג מהמקובל בקרב בני גילו (עמ' 126). יוער, כי עדותו של מתלונן 5, חרף מוגבלותו ואפשר שאף בעטיה, הייתה ספונטאנית, נטולת תחכום או רצון להרשים, וניכר כי נמסרה בכנות ומבלי כוונות להסוות עובדות כלשהן. שפת גופו של מתלונן 5 הייתה כגשר לנבכי נשמתו ושיקפה, אפוא, בהתאמה, את תוכן עדותו ואת רגשותיו. כך, עיווה פניו מתלונן 5 כשתיאר את התחושה שהותיר בו טעם זרעו של הנאשם בפיו, חייך – אות למבוכתו, כשנדרש לתיאור המעשה המיני שביצע בו הנאשם, ופניו נכמרו כשנעצב. ניכר היה, כי עדותו לא עברה עיבוד וליטוש מוקדמים, ומשכך, הותירה בנו רושם מהימן. בערבו של יום מצאנו, אפוא, ליתן אמון מלא בגרסתו הגולמית של מתלונן 5, כי הנאשם אילצו לבצע בו מין אוראלי ובתוך כך נגע בפי הטבעת שלו, וזאת במסגרת שני אירועים מובחנים, כשאחת הפעמים הייתה בתוככי המסגד, לשם אף הוביל את חוקרי המשטרה.",5," בערבו של יום מצאנו, אפוא, ליתן אמון מלא בגרסתו הגולמית של מתלונן 5, כי הנאשם אילצו לבצע בו מין אוראלי ובתוך כך נגע בפי הטבעת שלו, וזאת במסגרת שני אירועים מובחנים, כשאחת הפעמים הייתה בתוככי המסגד, לשם אף הוביל את חוקרי המשטרה",tagger2,not annotated,
484999,s00003824-279,"הואיל ובמשפט פלילי עסקינן, נדרשת הכרעה ביניהן מעבר לכל ספק סביר, כך שהמשמעות היא קבלת עדות אחת באופן מלא, לפחות לגבי האירועים השנויים במחלוקת בין הצדדים, ודחיית הגרסה שמנגד באופן שלא יתעורר כל ספק סביר מכוחה, ואין די בקביעה כי עדות המתלוננת סבירה ומסתברת יותר מעדות הנאשם","הואיל ובמשפט פלילי עסקינן, נדרשת הכרעה ביניהן מעבר לכל ספק סביר, כך שהמשמעות היא קבלת עדות אחת באופן מלא, לפחות לגבי האירועים השנויים במחלוקת בין הצדדים, ודחיית הגרסה שמנגד באופן שלא יתעורר כל ספק סביר מכוחה, ואין די בקביעה כי עדות המתלוננת סבירה ומסתברת יותר מעדות הנאשם.",7,"הואיל ובמשפט פלילי עסקינן, נדרשת הכרעה ביניהן מעבר לכל ספק סביר, כך שהמשמעות היא קבלת עדות אחת באופן מלא, לפחות לגבי האירועים השנויים במחלוקת בין הצדדים, ודחיית הגרסה שמנגד באופן שלא יתעורר כל ספק סביר מכוחה, ואין די בקביעה כי עדות המתלוננת סבירה ומסתברת יותר מעדות הנאשם",tagger2,not annotated,
853483,s05004390-44,"יחד עם זאת, התרשמתי כי על אף ההשגחה הצמודה של המשפחה, לרבות נוכחות האחות בחקירתה של המתלוננת, המתלוננת מסרה גירסה אמיתית, תאור של האירועים שהיו, כפי שהיו","יחד עם זאת, התרשמתי כי על אף ההשגחה הצמודה של המשפחה, לרבות נוכחות האחות בחקירתה של המתלוננת, המתלוננת מסרה גירסה אמיתית, תאור של האירועים שהיו, כפי שהיו.",8,"יחד עם זאת, התרשמתי כי על אף ההשגחה הצמודה של המשפחה, לרבות נוכחות האחות בחקירתה של המתלוננת, המתלוננת מסרה גירסה אמיתית, תאור של האירועים שהיו, כפי שהיו",tagger2,not annotated,
238412,SH-15-10-46643-55," כפי שיפורט, ההתכתבויות לא עוררו בי, בסופו של דבר, ספק בגרסתו האיתנה של המתלונן כי הקשר לא היה זוגי או מיני","סיכומי ההגנה ציטטו התבטאויות רבות בין הנאשם למתלונן שהועתקו מהתכתובות. ההגנה בקשה להסיק מביטויים בלתי שגרתיים שהופיעו בשיחות כי מדובר בקשר רומנטי כפי שהנאשם טען. כפי שיפורט, ההתכתבויות לא עוררו בי, בסופו של דבר, ספק בגרסתו האיתנה של המתלונן כי הקשר לא היה זוגי או מיני.",5," כפי שיפורט, ההתכתבויות לא עוררו בי, בסופו של דבר, ספק בגרסתו האיתנה של המתלונן כי הקשר לא היה זוגי או מיני",tagger2,not annotated,
77726,m03001164," כך עֵדוּת חוקרת-הילדים, הגב' ענת משי-הראל, והתרשמותה מהמתלוננת - מהווים חיזוק של ממש לאמיתוּת הדברים שעליהם העידה המתלוננת","82. חיזוקים לעֵדוּתָהּ האמינה של המתלוננת מצאתי בראיות הנוספות שהובאו בפנינו. כך עֵדוּת חוקרת-הילדים, הגב' ענת משי-הראל, והתרשמותה מהמתלוננת - מהווים חיזוק של ממש לאמיתוּת הדברים שעליהם העידה המתלוננת.",5," כך עֵדוּת חוקרת-הילדים, הגב' ענת משי-הראל, והתרשמותה מהמתלוננת - מהווים חיזוק של ממש לאמיתוּת הדברים שעליהם העידה המתלוננת",tagger2,not annotated,
859888,SH-08-6572-821, עדותה של המתלוננת היתה עקבית מאד,"6. עדותה של המתלוננת היתה עקבית מאד. לאורך כל הדרך היא מסרה אותה גירסה ביחס  למעשיו של הנאשם כלפיה כמפורט בכתב האישום. העדות היתה רוויה בפרטים, כאשר  היא שלבה בעדותה, מעבר לתיאור של המעשים המגונים עצמם, את עובדות הרקע  הרלוונטיות. לא נתגלו כל סתירות מהותיות בעדות, למרות שנחקרה פעמיים בחקירה  נגדית מקיפה על דוכן העדים (פעם בשלב הקודם של הדיון ופעם בפני) ולמרות שחלף זמן  רב יחסית מאז האירועים.",1, עדותה של המתלוננת היתה עקבית מאד,tagger2,not annotated,
805639,ME-16-06-33538-22," במקרה זה עדות המתלוננת מהימנה, אך קיים ספק שמא חלק מדברי המתלוננת מהווה העצמה של האירוע הטראומתי שעבר עליה","בית המשפט המחוזי הרשיע את הנאשם באחת העבירות ופסק: בית המשפט יכול לתת אמון בגרסת קרבן ולהעדיפה על פני גרסת נאשם, אך הוא יכול במסגרת זו ליחס משקל שונה לחלקי ולפרטי העדות, ודאי כאשר מדובר בקרבן עבירת מין שהחוויה הטראומטית שעבר מקשה על תהליך ההיזכרות. במקרה זה עדות המתלוננת מהימנה, אך קיים ספק שמא חלק מדברי המתלוננת מהווה העצמה של האירוע הטראומתי שעבר עליה. משכך, זוכה הנאשם מחמת הספק מעבירת האינוס, אך הורשע בעבירת ביצוע מעשים מגונים.",7," במקרה זה עדות המתלוננת מהימנה, אך קיים ספק שמא חלק מדברי המתלוננת מהווה העצמה של האירוע הטראומתי שעבר עליה",tagger2,not annotated,
406406,m03001032-606,ענין נוסף שמקשה על אימוץ גרסתה המפלילה של המתלוננת הוא משך שהייתם המשותפת של השניים בדירת הנאשם,"ענין נוסף שמקשה על אימוץ גרסתה המפלילה של המתלוננת הוא משך שהייתם המשותפת של השניים בדירת הנאשם. על פי תאורה של המתלוננת בבית המשפט הרי עם הגיעם לדירה הם התנשקו בהסכמה ואז עברו, ללא התנגדותה, לחדר השינה. לפי תאורה של המתלוננת החל מיד הנאשם לכפות עצמו עליה, הפשיטה חרף רצונה והסכמתה עד שבעל אותה תוך מאבק אלים. לאחר מעשה היא מיהרה לעזוב הדירה. לפי תאורה של המתלוננת הארוע התפתח והתרחש במהרה ומכאן שמשך שהותה בדירת הנאשם היה קצר למדי. מאידך וכשאנו מנסים לשחזר את מהלך הארועים, באמצעות ראיות חיצוניות, מתקבלת תמונה שונה. מתוך המזכר עולה כי הנאשם התקשר לראשונה למתלוננת בשעה 00:00. היא הציעה לו שישוב ויתקשר מאוחר יותר. הנאשם עשה כן בשעה 01:30, כך דבריה בפני השוטר בעמ' 1 שם, שאז ובסמוך לכך הגיע הנאשם ואסף אותה במכוניתו לדירתו. על פי המזכר המתלוננת התקשרה טלפונית למשטרה בשעה 03:55 כשלדבריה בבית המשפט היא עשתה זאת סמוך לעזיבתה את דירת הנאשם ובהיותה עדיין בדרכה לביתה המצוי בקרבת מקום. (ראה עדותה בעמ' 16 שורה 4 לפרוטוקול).",5,ענין נוסף שמקשה על אימוץ גרסתה המפלילה של המתלוננת הוא משך שהייתם המשותפת של השניים בדירת הנאשם,tagger2,not annotated,
115676,ME-11-07-21438-1,מהימנות עדות המתלוננת ועדויות י,מהימנות עדות המתלוננת ועדויות י. ור.,3,מהימנות עדות המתלוננת ועדויות י,tagger2,not annotated,
35130,m06003045," חוקר הילדים בחוות דעתו ובעדותו בביהמ""ש, ביסס את מסקנתו תוך הפנייה לדוגמאות מעדותו המוקלטת והמתורגמת של המתלונן (ת/2)","11. חוקר הילדים בחוות דעתו ובעדותו בביהמ""ש, ביסס את מסקנתו תוך הפנייה לדוגמאות מעדותו המוקלטת והמתורגמת של המתלונן (ת/2).",5," חוקר הילדים בחוות דעתו ובעדותו בביהמ""ש, ביסס את מסקנתו תוך הפנייה לדוגמאות מעדותו המוקלטת והמתורגמת של המתלונן ",tagger2,not annotated,
336228,ME-09-09-9012-283,"עם אחר, היתה עדותה של המתלוננת חדה במיוחד, כאשר העידה כיצד היא שבה וחשה זאת באופן מדויק גם בעת עדותה, והעבירה לנו תחושה זו באופן מצמרר","עם אחר, היתה עדותה של המתלוננת חדה במיוחד, כאשר העידה כיצד היא שבה וחשה זאת באופן מדויק גם בעת עדותה, והעבירה לנו תחושה זו באופן מצמרר.",1,"עם אחר, היתה עדותה של המתלוננת חדה במיוחד, כאשר העידה כיצד היא שבה וחשה זאת באופן מדויק גם בעת עדותה, והעבירה לנו תחושה זו באופן מצמרר",tagger2,not annotated,
504120,s01006239-195,"על האמור יש להוסיף, כי כרגיל במשפטים מסוג זה לא הסתפקו בתאור עמדת הנאשם, אלא מה שנטען הוא שגירסת המתלוננים כוזבת","על האמור יש להוסיף, כי כרגיל במשפטים מסוג זה לא הסתפקו בתאור עמדת הנאשם, אלא מה שנטען הוא שגירסת המתלוננים כוזבת.",7,"על האמור יש להוסיף, כי כרגיל במשפטים מסוג זה לא הסתפקו בתאור עמדת הנאשם, אלא מה שנטען הוא שגירסת המתלוננים כוזבת",tagger2,not annotated,
722624,ME-14-07-52713-11,"מהימנות המתלוננת במהלך עדותה בבית המשפט – לאור האמור, אחזור על עמדתי לפיה יש לאמץ את עדותה המפורטת של המתלוננת, עליה חזרה כמה פעמים הן בבית המשפט והן במשטרה – ללא שנסתרה","מהימנות המתלוננת במהלך עדותה בבית המשפט – לאור האמור, אחזור על עמדתי לפיה יש לאמץ את עדותה המפורטת של המתלוננת, עליה חזרה כמה פעמים הן בבית המשפט והן במשטרה – ללא שנסתרה. המתלוננת נחקרה ממושכות, התמודדה עם השאלות הרבות שהופנו אליה, הסבירה את התנהלותה וקו המחשבה שלה ""בזמן אמת"", והתרשמתי מעדות של בחורה צעירה שאכן עברה את המתואר.",5,"מהימנות המתלוננת במהלך עדותה בבית המשפט – לאור האמור, אחזור על עמדתי לפיה יש לאמץ את עדותה המפורטת של המתלוננת, עליה חזרה כמה פעמים הן בבית המשפט והן במשטרה – ללא שנסתרה",tagger2,not annotated,
364102,ME-09-1117-4,"עוד ציין כי גרסת המתלוננת שקרית וכי היא הוכוונה על ידי מח""ש מאחר וטענה בפני בית המשפט דברים אשר לא עלו בהודעותיה הקודמות","עוד ציין כי גרסת המתלוננת שקרית וכי היא הוכוונה על ידי מח""ש מאחר וטענה בפני בית המשפט דברים אשר לא עלו בהודעותיה הקודמות. יכול להיות שהמתלוננת העלילה את הדברים, מפני שרצתה לעורר את קנאתו של החבר גד כאילו הייתה עם מישהו אחר.",7,"עוד ציין כי גרסת המתלוננת שקרית וכי היא הוכוונה על ידי מח""ש מאחר וטענה בפני בית המשפט דברים אשר לא עלו בהודעותיה הקודמות",tagger2,not annotated,
57723,ME-11-06-2965-391,"שלישית, טוען ב""כ הנאשם כי גרסתה השקרית של המתלוננת נולדה לאחר שהתברר לה כי בן זוגה שאהר גילה את העובדה שהיא בילתה באותו לילה עם גבר אחר, ומתוך פחדה שלא יאונה לה כל רע מידי בן זוגה, איש אלים וחם מזג, המציאה את סיפור החטיפה והאונס, על מנת להסיט את האשמה ל""בילויה"" עם הנאשם ממנה לנאשם עצמו","שלישית, טוען ב""כ הנאשם כי גרסתה השקרית של המתלוננת נולדה לאחר שהתברר לה כי בן זוגה שאהר גילה את העובדה שהיא בילתה באותו לילה עם גבר אחר, ומתוך פחדה שלא יאונה לה כל רע מידי בן זוגה, איש אלים וחם מזג, המציאה את סיפור החטיפה והאונס, על מנת להסיט את האשמה ל""בילויה"" עם הנאשם ממנה לנאשם עצמו. כראיה לכך שמדובר באיש אלים ומסוכן, מפנה הסנגור המלומד לעובדה ששנה לאחר האירוע נשוא כתב האישום הגישה המתלוננת תלונה נגד שאהר בגין אלימות במשפחה, ושאהר הורשע ונגזר עליו תקופת מאסר לריצוי בפועל.",5,"שלישית, טוען ב""כ הנאשם כי גרסתה השקרית של המתלוננת נולדה לאחר שהתברר לה כי בן זוגה שאהר גילה את העובדה שהיא בילתה באותו לילה עם גבר אחר, ומתוך פחדה שלא יאונה לה כל רע מידי בן זוגה, איש אלים וחם מזג, המציאה את סיפור החטיפה והאונס, על מנת להסיט את האשמה ל""בילויה"" עם הנאשם ממנה לנאשם עצמו",tagger2,not annotated,
372583,me-10-04-40865-810,"בתשובה לשאלת ב""כ הנאשם אישרה רס""מ אזרד, לאחר האזנה לעדותה המוקלטת של המתלוננת, כי המתלוננת אמרה ""[הנאשם] נגע לי באיבר המין באמצע"", ולא ""פנימה"" כפי שנכתב בטעות בתמליל עדות המתלוננת (נ/1 ש' 80)","בתשובה לשאלת ב""כ הנאשם אישרה רס""מ אזרד, לאחר האזנה לעדותה המוקלטת של המתלוננת, כי המתלוננת אמרה ""[הנאשם] נגע לי באיבר המין באמצע"", ולא ""פנימה"" כפי שנכתב בטעות בתמליל עדות המתלוננת (נ/1 ש' 80).",5,"בתשובה לשאלת ב""כ הנאשם אישרה רס""מ אזרד, לאחר האזנה לעדותה המוקלטת של המתלוננת, כי המתלוננת אמרה "" נגע לי באיבר המין באמצע"", ולא ""פנימה"" כפי שנכתב בטעות בתמליל עדות המתלוננת ",tagger2,not annotated,
854251,ME-13-10-51550-44, נטען שגרסת המתלוננת אינה סבירה ואינה הגיונית וכי אין מקום ליתן בה אמון מכיוון שהיא לא הצליחה להסביר כיצד הנאשם הצליח להפשיט אותה ולהוריד את בגדיו במקביל בעוד שהיא טוענת כי התנגדה למעשיו באותו זמן,"58. לגבי האקטים המיניים, נטען שאין מחלוקת מהותית בקשר לעובדות ולתיאורים, שכללו חדירה מלאה, יחסי מין אוראליים הדדיים ושפיכת זרעו של הנאשם על גופה של המתלוננת, כאשר הצדדים חלוקים באשר למרכיב ההסכמה מצד המתלוננת. נטען שגרסת המתלוננת אינה סבירה ואינה הגיונית וכי אין מקום ליתן בה אמון מכיוון שהיא לא הצליחה להסביר כיצד הנאשם הצליח להפשיט אותה ולהוריד את בגדיו במקביל בעוד שהיא טוענת כי התנגדה למעשיו באותו זמן. נטען שלא ניתן הסבר לטענה שהופעל על ידי הנאשם כוח רב על מנת להפשיט את המתלוננת למרות ששום פרט לבוש לא נקרע. נטען עוד שהמתלוננת לא שללה את האפשרות שהיא הרימה את ידיה על מנת לאפשר הורדת חולצתה ולא הסבירה כיצד הנאשם הצליח להוריד את מכנסי הג'ינס הצמודים שלה אם לא היה מצידה שיתוף פעולה. נטען שהמתלוננת לא נתנה הסבר סביר מדוע העניקה מין אוראלי לנאשם כאשר אין מחלוקת שהוא לא השתמש בכוח על מנת לפתוח את פיה. נטען שתשובתה היחידה היתה שעשתה מה שעשתה כדי ""שזה יגמר"" ובהמשך טענה שהיא פחדה ממנו ופחדה שירביץ לה למרות שאישרה שהוא לא איים עליה ולא הרים עליה יד בשום שלב.",7, נטען שגרסת המתלוננת אינה סבירה ואינה הגיונית וכי אין מקום ליתן בה אמון מכיוון שהיא לא הצליחה להסביר כיצד הנאשם הצליח להפשיט אותה ולהוריד את בגדיו במקביל בעוד שהיא טוענת כי התנגדה למעשיו באותו זמן,tagger2,not annotated,
799588,ME-07-1012-886," כפי שנקבע, המתלוננת הותירה רושם מהימן וגרסתה לעניין המעשה המגונה – אף היא מהימנה","66. כפי שנקבע, המתלוננת הותירה רושם מהימן וגרסתה לעניין המעשה המגונה – אף היא מהימנה. מנגד, גרסת הנאשם אינה מהימנה. ההסבר שנתן הנאשם לתחושת הצביטה שחשה המתלוננת בפטמותיה – אינו משכנע. מהמומחים שהעידו עולה, כי אומנם תיתכן תחושת כאב בפטמות, כתוצאה מלחץ על שריר שמעליו, אולם איש לא העיד על תחושה של צביטה.",17," כפי שנקבע, המתלוננת הותירה רושם מהימן וגרסתה לעניין המעשה המגונה – אף היא מהימנה",tagger2,not annotated,
108027,SH-09-5632-185,"מסקנתי זאת נשענת על 3 אדנים מרכזיים: (1) עדותה המהימנה של המתלוננת; (2) מצבה הנפשי הנסער בעקבות האירוע; (3) אמרתו המפלילה של הנאשם לשוטרים בשטח, והיעדר אמון בגרסתו","מסקנתי זאת נשענת על 3 אדנים מרכזיים: (1) עדותה המהימנה של המתלוננת; (2) מצבה הנפשי הנסער בעקבות האירוע; (3) אמרתו המפלילה של הנאשם לשוטרים בשטח, והיעדר אמון בגרסתו.",5,"מסקנתי זאת נשענת על 3 אדנים מרכזיים:  עדותה המהימנה של המתלוננת;  מצבה הנפשי הנסער בעקבות האירוע;  אמרתו המפלילה של הנאשם לשוטרים בשטח, והיעדר אמון בגרסתו",tagger2,not annotated,
265128,ME-07-1179-1," גרסת המתלוננת לגבי האירוע הינה עקבית ואחידה, הן בבית המשפט והן במשטרה","באשר ל'אירוע המלפפון' מיום 31.7.05, הן המתלוננת והן הנאשם מאשרים כי היה אירוע שכזה, אולם הנאשם מכחיש שאנס את המתלוננת. גרסת המתלוננת לגבי האירוע הינה עקבית ואחידה, הן בבית המשפט והן במשטרה. לעומת זאת, גרסת הנאשם לגבי האירוע הינה תמוהה ולא עקבית, לא עלה בידיו לתת תשובה עניינית לסתירות שעלו בגרסאותיו ויש לדחות את הטענה, לפיה נמנע מלספר אודות המלפפון מאחר והיה נבוך ומבויש.",7," גרסת המתלוננת לגבי האירוע הינה עקבית ואחידה, הן בבית המשפט והן במשטרה",tagger2,not annotated,
851238,ME-10-07-21310-4,"למעלה מכך, גרסת המתלוננת בעניין זה, הייתה חדה, ברורה ועקבית, לאורך כל חקירותיה ואף בעדותה בפנינו, והתנגדותה למעשי הנאשם בה, החל מהמגע הראשוני, הוכחה בפנינו","למעלה מכך, גרסת המתלוננת בעניין זה, הייתה חדה, ברורה ועקבית, לאורך כל חקירותיה ואף בעדותה בפנינו, והתנגדותה למעשי הנאשם בה, החל מהמגע הראשוני, הוכחה בפנינו. בשל חשיבות הדברים אביאם בשם אומרם:",7,"למעלה מכך, גרסת המתלוננת בעניין זה, הייתה חדה, ברורה ועקבית, לאורך כל חקירותיה ואף בעדותה בפנינו, והתנגדותה למעשי הנאשם בה, החל מהמגע הראשוני, הוכחה בפנינו",tagger2,not annotated,
589333,ME-10-02-20190-1,"אמנם שיקר הנאשם בחקירותיו ובלתי אמין מצאתיו בעדותו ""הכבושה"", אך משלא שכנעה המאשימה, כפי חובתה על פי דין, כי גירסת המתלוננת אמינה ומהימנה מעבר לכל ספק סביר, לא ניתן להרשיעו","אמנם שיקר הנאשם בחקירותיו ובלתי אמין מצאתיו בעדותו ""הכבושה"", אך משלא שכנעה המאשימה, כפי חובתה על פי דין, כי גירסת המתלוננת אמינה ומהימנה מעבר לכל ספק סביר, לא ניתן להרשיעו.",7,"אמנם שיקר הנאשם בחקירותיו ובלתי אמין מצאתיו בעדותו ""הכבושה"", אך משלא שכנעה המאשימה, כפי חובתה על פי דין, כי גירסת המתלוננת אמינה ומהימנה מעבר לכל ספק סביר, לא ניתן להרשיעו",tagger2,not annotated,
62176,ME-09-1063-277," אף לעבירות נוספות בהן מואשם הנאשם בכתב האישום, כגון עבירות הסמים והאלימות הפיזית יש ליתן הדעת לכך שלחלקם הגדול המתלוננת הינה עדה יחידה","בעדותה של המתלוננת ביחס לעבירות מין, מדובר בעדות יחידה שעל פי סעיף  ל [נוסח חדש] התשל""א – 1971, צריך בית משפט, לנמק מדוע מסתמך על העדות, ואין צורך בתוספת ראייתית פורמאלית להרשיע על פי עדותה. אף לעבירות נוספות בהן מואשם הנאשם בכתב האישום, כגון עבירות הסמים והאלימות הפיזית יש ליתן הדעת לכך שלחלקם הגדול המתלוננת הינה עדה יחידה.",15," אף לעבירות נוספות בהן מואשם הנאשם בכתב האישום, כגון עבירות הסמים והאלימות הפיזית יש ליתן הדעת לכך שלחלקם הגדול המתלוננת הינה עדה יחידה",tagger2,not annotated,
5052,ME-16-11-9004-33," מחד, מצויה גרסתה המפלילה של המתלוננת, בתו החורגת של הנאשם, המתארת, כפי שנראה להלן, בצורה מפורטת, עקבית וסדורה, סדרה של מעשים שביצע בה הנאשם מאז הייתה בת 8 ועד לחשיפתם, בשנת 2014","ראשית, יש ליתן הדעת לכך, שבמקרים אלה, לא אחת, וכך - בענייננו, ניצבים אנו בפני שתי גרסאות סותרות וקוטביות זו לזו. מחד, מצויה גרסתה המפלילה של המתלוננת, בתו החורגת של הנאשם, המתארת, כפי שנראה להלן, בצורה מפורטת, עקבית וסדורה, סדרה של מעשים שביצע בה הנאשם מאז הייתה בת 8 ועד לחשיפתם, בשנת 2014. מנגד, מצויה גרסת הנאשם, המכחיש מכל וכל, כי ביצע את המעשים המיוחסים לו, וטוען, כי המתלוננת מעלילה עליו עלילות שווא. מצב זה, של ""גרסה מול גרסה"", כמו גם הכחשה גורפת מצדו של נאשם, הוא שכיח באישומים בעבירות מין, המאופיינות בביצוע המעשים בצנעה, בחדרי חדרים, בשעות ובסביבה שבהן אין בנמצא עדים למעשה, ושבהם רב הנסתר על הנגלה. משום כך - ברי, שבאישומים בכגון דא, מתמקד הדיון בהערכת מהימנות גרסת המתלוננת, אל מול הערכת מהימנות גרסת הנאשם.",5," מחד, מצויה גרסתה המפלילה של המתלוננת, בתו החורגת של הנאשם, המתארת, כפי שנראה להלן, בצורה מפורטת, עקבית וסדורה, סדרה של מעשים שביצע בה הנאשם מאז הייתה בת 8 ועד לחשיפתם, בשנת 2014",tagger2,not annotated,
523450,m08001016,"יתרה מכך, עדותה של המתלוננת מושתתת על אדנים מוצקים, בדמות עדויותיהם של יתר עדי התביעה, אשר מבססים  את עדותה ומחזקים אותה","יתרה מכך, עדותה של המתלוננת מושתתת על אדנים מוצקים, בדמות עדויותיהם של יתר עדי התביעה, אשר מבססים  את עדותה ומחזקים אותה.  גם היומן האישי ת/11 מהווה, במידה מסויימת, ראיה מחזקת, שהרי לפי הפסיקה הוא מהווה ""גילוי חיצוני בדבר מצבו הנפשי לאחר מעשה... מעין ""צילום רנטגן"" של נפשו"" ((4) 769), אם כי משקלו בענייננו הינו מועט מכיוון שנכתב לאחר מתן עדות המתלוננת במשטרה.",11,"יתרה מכך, עדותה של המתלוננת מושתתת על אדנים מוצקים, בדמות עדויותיהם של יתר עדי התביעה, אשר מבססים  את עדותה ומחזקים אותה",tagger2,not annotated,
